arch,method,seed,accuracy,f1_macro,precision_macro,recall_macro,f1_weighted,precision_weighted,recall_weighted,recall_cha_dam_yen,precision_cha_dam_yen,f1_per_class
resnet50,none,11,0.8901098901098901,0.8857716699165392,0.8804682539682538,0.8939058767319636,0.889572278879551,0.8910435199720915,0.8901098901098901,0.9285714285714286,0.8125,"[0.8666666666666667, 0.8648648648648649, 0.9387755102040817, 0.9014084507042254, 0.8571428571428571]"
resnet50,none,22,0.9010989010989012,0.9046311473462044,0.9013611111111112,0.9111729574773052,0.9006791782001274,0.9026076007326008,0.9010989010989012,1.0,0.875,"[0.9333333333333333, 0.8533333333333334, 0.9387755102040817, 0.9253731343283582, 0.8723404255319149]"
resnet50,none,33,0.9175824175824177,0.9192892316911092,0.9135111342558152,0.9271436534480012,0.9178637002665764,0.9192075654841612,0.9175824175824177,1.0,0.875,"[0.9333333333333333, 0.8717948717948718, 0.968421052631579, 0.9411764705882353, 0.8817204301075269]"
resnet50,none,44,0.9175824175824177,0.904928478502218,0.9018119532884942,0.908828635132983,0.9180479944470274,0.9190929309064784,0.9175824175824177,0.8571428571428571,0.8,"[0.8275862068965517, 0.9, 0.968421052631579, 0.927536231884058, 0.9010989010989011]"
resnet50,none,55,0.9010989010989012,0.8974774342976083,0.892642890489529,0.911759038063386,0.9011051785597916,0.9074853613606616,0.9010989010989012,1.0,0.7777777777777778,"[0.875, 0.8732394366197183, 0.9484536082474226, 0.927536231884058, 0.8631578947368421]"
resnet50,class_weight,11,0.8846153846153846,0.8741538809449259,0.8641712454212455,0.8989098582576844,0.8860982301280809,0.8943043563579278,0.8846153846153846,1.0,0.6666666666666666,"[0.8, 0.8461538461538461, 0.9583333333333334, 0.9253731343283582, 0.8409090909090909]"
resnet50,class_weight,22,0.9010989010989012,0.9011852222030544,0.8938794300328828,0.913125497690715,0.9003314413481285,0.9022135007849292,0.9010989010989012,1.0,0.8235294117647058,"[0.9032258064516129, 0.8378378378378378, 0.9387755102040817, 0.9565217391304348, 0.8695652173913043]"
resnet50,class_weight,33,0.9175824175824177,0.915023744901981,0.907923967459324,0.9265575728619208,0.9182859681666656,0.9213644029624944,0.9175824175824177,1.0,0.8235294117647058,"[0.9032258064516129, 0.8860759493670886, 0.9787234042553191, 0.9253731343283582, 0.8817204301075269]"
resnet50,class_weight,44,0.9010989010989012,0.888799056464691,0.8791790242854074,0.9127337155598024,0.9032117948393932,0.9114881572328382,0.9010989010989012,1.0,0.6666666666666666,"[0.8, 0.9066666666666666, 0.968421052631579, 0.9117647058823529, 0.8571428571428571]"
resnet50,class_weight,55,0.8846153846153846,0.8777123031230507,0.8692648284610287,0.8987155598025163,0.8852727972659521,0.8920848459263825,0.8846153846153846,1.0,0.7,"[0.8235294117647058, 0.8493150684931506, 0.9484536082474226, 0.9411764705882353, 0.8260869565217391]"
resnet50,sampler,11,0.9010989010989012,0.8944404691639839,0.8850426128029103,0.9127337155598024,0.9024481922227238,0.9078134037015616,0.9010989010989012,1.0,0.7368421052631579,"[0.8484848484848485, 0.8717948717948718, 0.9787234042553191, 0.9253731343283582, 0.8478260869565217]"
resnet50,sampler,22,0.912087912087912,0.9024958684739128,0.9005639255702281,0.9107111004937092,0.9127712949844828,0.9180565825231192,0.912087912087912,0.9285714285714286,0.7647058823529411,"[0.8387096774193549, 0.9041095890410958, 0.9484536082474226, 0.9253731343283582, 0.8958333333333334]"
resnet50,sampler,33,0.8791208791208791,0.8828593230397151,0.8761106665930912,0.896122790253225,0.8774193077751151,0.8807136436982067,0.8791208791208791,1.0,0.8235294117647058,"[0.9032258064516129, 0.875, 0.92, 0.9253731343283582, 0.7906976744186046]"
resnet50,sampler,44,0.8846153846153846,0.8798081982588967,0.8747651804282743,0.8961769390030261,0.8853435585962963,0.8923936691322482,0.8846153846153846,1.0,0.7368421052631579,"[0.8484848484848485, 0.8571428571428571, 0.9484536082474226, 0.90625, 0.8387096774193549]"
resnet50,sampler,55,0.8901098901098901,0.8876968171057082,0.8767813088264524,0.90462414397197,0.8898953798196594,0.8923706632324964,0.8901098901098901,1.0,0.7777777777777778,"[0.875, 0.8461538461538461, 0.9583333333333334, 0.927536231884058, 0.8314606741573034]"
resnet50,focal,11,0.8571428571428571,0.8604857636117007,0.8565593331153971,0.8648917025003982,0.8568205193820957,0.8567187198766145,0.8571428571428571,0.9285714285714286,0.8666666666666667,"[0.896551724137931, 0.7792207792207793, 0.9583333333333334, 0.8857142857142857, 0.782608695652174]"
resnet50,focal,22,0.9065934065934066,0.9044977536481452,0.904512224710713,0.9063632744067526,0.9071569549137956,0.9094875153308803,0.9065934065934066,0.9285714285714286,0.8666666666666667,"[0.896551724137931, 0.8571428571428571, 0.968421052631579, 0.9253731343283582, 0.875]"
resnet50,focal,33,0.8901098901098901,0.88593453931095,0.8885248246585455,0.8849426660296226,0.8906501376148582,0.8928290136865717,0.8901098901098901,0.8571428571428571,0.8571428571428571,"[0.8571428571428571, 0.8536585365853658, 0.9583333333333334, 0.9253731343283582, 0.8351648351648352]"
resnet50,focal,44,0.9010989010989012,0.8948195360896019,0.8971379856290342,0.8957851568721134,0.9022255954127316,0.907043753956432,0.9010989010989012,0.8571428571428571,0.8571428571428571,"[0.8571428571428571, 0.8470588235294118, 0.9787234042553191, 0.927536231884058, 0.8636363636363636]"
resnet50,focal,55,0.8571428571428571,0.859174758146254,0.8540229334157905,0.8732688326166589,0.856396683912034,0.8614326475678517,0.8571428571428571,1.0,0.7777777777777778,"[0.875, 0.7777777777777778, 0.9387755102040817, 0.9253731343283582, 0.7789473684210526]"
