arch,seed,accuracy,f1_macro,precision_macro,recall_macro,f1_weighted,precision_weighted,recall_weighted,f1_per_class,precision_per_class,recall_per_class
vgg16,11,0.8241758241758241,0.8042415673582444,0.8379353779867259,0.7887235228539577,0.8207748089817559,0.8281761588656874,0.8241758241758241,"[0.6956521739130435, 0.8148148148148148, 0.8761904761904762, 0.8529411764705882, 0.7816091954022989]","[0.8888888888888888, 0.7857142857142857, 0.8070175438596491, 0.8787878787878788, 0.8292682926829268]","[0.5714285714285714, 0.8461538461538461, 0.9583333333333334, 0.8285714285714286, 0.7391304347826086]"
vgg16,22,0.8241758241758241,0.8111340511146266,0.8404545454545456,0.7949406752667623,0.8238957486965333,0.8353354978354979,0.8241758241758241,"[0.72, 0.7887323943661971, 0.8823529411764706, 0.8923076923076924, 0.7722772277227723]","[0.8181818181818182, 0.875, 0.8333333333333334, 0.9666666666666667, 0.7090909090909091]","[0.6428571428571429, 0.717948717948718, 0.9375, 0.8285714285714286, 0.8478260869565217]"
vgg16,33,0.8186813186813187,0.7993390147928372,0.8388097695218437,0.7794827998088868,0.8181036042004415,0.8336743064297245,0.8186813186813187,"[0.6666666666666666, 0.821917808219178, 0.8571428571428571, 0.8709677419354839, 0.78]","[0.8, 0.8823529411764706, 0.7894736842105263, 1.0, 0.7222222222222222]","[0.5714285714285714, 0.7692307692307693, 0.9375, 0.7714285714285715, 0.8478260869565217]"
vgg16,44,0.7802197802197802,0.7536996611741725,0.7718313641245972,0.7439739608217869,0.7801175032691888,0.7885967863142943,0.7802197802197802,"[0.6153846153846154, 0.7605633802816901, 0.9278350515463918, 0.746268656716418, 0.7184466019417476]","[0.6666666666666666, 0.84375, 0.9183673469387755, 0.78125, 0.6491228070175439]","[0.5714285714285714, 0.6923076923076923, 0.9375, 0.7142857142857143, 0.8043478260869565]"
vgg16,55,0.8076923076923077,0.8063868175937717,0.835762327529882,0.7908572224876572,0.8087112302647026,0.8234168690758106,0.8076923076923077,"[0.7692307692307693, 0.8533333333333334, 0.8411214953271028, 0.8524590163934426, 0.7157894736842105]","[0.8333333333333334, 0.8888888888888888, 0.7627118644067796, 1.0, 0.6938775510204082]","[0.7142857142857143, 0.8205128205128205, 0.9375, 0.7428571428571429, 0.7391304347826086]"
resnet50,11,0.8846153846153846,0.8741538809449259,0.8641712454212455,0.8989098582576844,0.8860982301280809,0.8943043563579278,0.8846153846153846,"[0.8, 0.8461538461538461, 0.9583333333333334, 0.9253731343283582, 0.8409090909090909]","[0.6666666666666666, 0.8461538461538461, 0.9583333333333334, 0.96875, 0.8809523809523809]","[1.0, 0.8461538461538461, 0.9583333333333334, 0.8857142857142857, 0.8043478260869565]"
resnet50,22,0.9010989010989012,0.9011852222030544,0.8938794300328828,0.913125497690715,0.9003314413481285,0.9022135007849292,0.9010989010989012,"[0.9032258064516129, 0.8378378378378378, 0.9387755102040817, 0.9565217391304348, 0.8695652173913043]","[0.8235294117647058, 0.8857142857142857, 0.92, 0.9705882352941176, 0.8695652173913043]","[1.0, 0.7948717948717948, 0.9583333333333334, 0.9428571428571428, 0.8695652173913043]"
resnet50,33,0.9175824175824177,0.915023744901981,0.907923967459324,0.9265575728619208,0.9182859681666656,0.9213644029624944,0.9175824175824177,"[0.9032258064516129, 0.8860759493670886, 0.9787234042553191, 0.9253731343283582, 0.8817204301075269]","[0.8235294117647058, 0.875, 1.0, 0.96875, 0.8723404255319149]","[1.0, 0.8974358974358975, 0.9583333333333334, 0.8857142857142857, 0.8913043478260869]"
resnet50,44,0.9010989010989012,0.888799056464691,0.8791790242854074,0.9127337155598024,0.9032117948393932,0.9114881572328382,0.9010989010989012,"[0.8, 0.9066666666666666, 0.968421052631579, 0.9117647058823529, 0.8571428571428571]","[0.6666666666666666, 0.9444444444444444, 0.9787234042553191, 0.9393939393939394, 0.8666666666666667]","[1.0, 0.8717948717948718, 0.9583333333333334, 0.8857142857142857, 0.8478260869565217]"
resnet50,55,0.8846153846153846,0.8777123031230507,0.8692648284610287,0.8987155598025163,0.8852727972659521,0.8920848459263825,0.8846153846153846,"[0.8235294117647058, 0.8493150684931506, 0.9484536082474226, 0.9411764705882353, 0.8260869565217391]","[0.7, 0.9117647058823529, 0.9387755102040817, 0.9696969696969697, 0.8260869565217391]","[1.0, 0.7948717948717948, 0.9583333333333334, 0.9142857142857143, 0.8260869565217391]"
efficientnet_b3,11,0.9065934065934066,0.8894282773719505,0.8840276222471072,0.9069330307373786,0.909065906921442,0.917539142455156,0.9065934065934066,"[0.7647058823529411, 0.961038961038961, 0.9473684210526315, 0.8923076923076924, 0.8817204301075269]","[0.65, 0.9736842105263158, 0.9574468085106383, 0.9666666666666667, 0.8723404255319149]","[0.9285714285714286, 0.9487179487179487, 0.9375, 0.8285714285714286, 0.8913043478260869]"
efficientnet_b3,22,0.9175824175824177,0.9044981157479232,0.8976454529180093,0.9174000637044116,0.9187193121728064,0.9227311271047844,0.9175824175824177,"[0.8125, 0.935064935064935, 0.9484536082474226, 0.9253731343283582, 0.9010989010989011]","[0.7222222222222222, 0.9473684210526315, 0.9387755102040817, 0.96875, 0.9111111111111111]","[0.9285714285714286, 0.9230769230769231, 0.9583333333333334, 0.8857142857142857, 0.8913043478260869]"
efficientnet_b3,33,0.912087912087912,0.8912203603956181,0.8846525210580511,0.9122849976110846,0.9148701813650266,0.9246853651066952,0.912087912087912,"[0.7428571428571429, 0.9487179487179487, 0.9690721649484536, 0.9090909090909091, 0.8863636363636364]","[0.6190476190476191, 0.9487179487179487, 0.9591836734693877, 0.967741935483871, 0.9285714285714286]","[0.9285714285714286, 0.9487179487179487, 0.9791666666666666, 0.8571428571428571, 0.8478260869565217]"
efficientnet_b3,44,0.8901098901098901,0.8604847734360668,0.8562433155080214,0.8662227265488136,0.8909547799476254,0.892610330845625,0.8901098901098901,"[0.6666666666666666, 0.9620253164556962, 0.9375, 0.8695652173913043, 0.8666666666666667]","[0.625, 0.95, 0.9375, 0.8823529411764706, 0.8863636363636364]","[0.7142857142857143, 0.9743589743589743, 0.9375, 0.8571428571428571, 0.8478260869565217]"
efficientnet_b3,55,0.9010989010989012,0.8715017893765522,0.8649677223361433,0.8869899665551839,0.9057559710853286,0.9144241723189092,0.9010989010989012,"[0.6470588235294118, 0.961038961038961, 0.946236559139785, 0.9142857142857143, 0.8888888888888888]","[0.55, 0.9736842105263158, 0.9777777777777777, 0.9142857142857143, 0.9090909090909091]","[0.7857142857142857, 0.9487179487179487, 0.9166666666666666, 0.9142857142857143, 0.8695652173913043]"
mobilenet_v3_large,11,0.8461538461538461,0.8355642670468045,0.8596212121212121,0.8391889632107024,0.8504848323451317,0.8822385947385947,0.8461538461538461,"[0.75, 0.8405797101449275, 0.9347826086956522, 0.8524590163934426, 0.8]","[0.6666666666666666, 0.9666666666666667, 0.9772727272727273, 1.0, 0.6875]","[0.8571428571428571, 0.7435897435897436, 0.8958333333333334, 0.7428571428571429, 0.9565217391304348]"
mobilenet_v3_large,22,0.8626373626373627,0.8529240135017726,0.8675757575757576,0.8652787068004459,0.8667438278315659,0.8936896436896439,0.8626373626373627,"[0.7647058823529411, 0.8857142857142857, 0.9130434782608695, 0.8709677419354839, 0.8301886792452831]","[0.65, 1.0, 0.9545454545454546, 1.0, 0.7333333333333333]","[0.9285714285714286, 0.7948717948717948, 0.875, 0.7714285714285715, 0.9565217391304348]"
mobilenet_v3_large,33,0.8461538461538461,0.826691442241013,0.8406264435749028,0.8306306736741519,0.8497427515737881,0.8697089247231395,0.8461538461538461,"[0.6875, 0.8732394366197183, 0.9263157894736842, 0.8387096774193549, 0.8076923076923077]","[0.6111111111111112, 0.96875, 0.9361702127659575, 0.9629629629629629, 0.7241379310344828]","[0.7857142857142857, 0.7948717948717948, 0.9166666666666666, 0.7428571428571429, 0.9130434782608695]"
mobilenet_v3_large,44,0.8406593406593407,0.8203959720088753,0.841226318484383,0.8171121993948081,0.8449375338776259,0.8681968569065343,0.8406593406593407,"[0.6666666666666666, 0.8571428571428571, 0.9247311827956989, 0.8571428571428571, 0.7962962962962963]","[0.625, 0.967741935483871, 0.9555555555555556, 0.9642857142857143, 0.6935483870967742]","[0.7142857142857143, 0.7692307692307693, 0.8958333333333334, 0.7714285714285715, 0.9347826086956522]"
mobilenet_v3_large,55,0.8791208791208791,0.857641382868937,0.8568392759402611,0.8715484153527632,0.8822671214234682,0.8929463335163547,0.8791208791208791,"[0.7058823529411765, 0.9066666666666666, 0.9375, 0.875, 0.8631578947368421]","[0.6, 0.9444444444444444, 0.9375, 0.9655172413793104, 0.8367346938775511]","[0.8571428571428571, 0.8717948717948718, 0.9375, 0.8, 0.8913043478260869]"
