filename,kind,class,relpath,engine,runs,top_pred,archs
cha_phonlamai_kw03_bing_000038.jpg,FP,cha_phonlamai,cha_phonlamai/cha_phonlamai_kw03_bing_000038.jpg,bing,19,cha_dam_yen,"efficientnet,mobilenet,resnet50,vgg16"
cha_khiao_nom_kw00_bing_000052.jpg,FP,cha_khiao_nom,cha_khiao_nom/cha_khiao_nom_kw00_bing_000052.jpg,bing,13,cha_dam_yen,"efficientnet,mobilenet,resnet50,vgg16"
cha_phonlamai_kw03_bing_000054.jpg,FP,cha_phonlamai,cha_phonlamai/cha_phonlamai_kw03_bing_000054.jpg,bing,12,cha_dam_yen,"efficientnet,mobilenet,resnet50,vgg16"
cha_khiao_nom_kw01_bing_000079.jpg,FP,cha_khiao_nom,cha_khiao_nom/cha_khiao_nom_kw01_bing_000079.jpg,bing,10,cha_dam_yen,"mobilenet,resnet50"
cha_phonlamai_kw03_bing_000022.jpg,FP,cha_phonlamai,cha_phonlamai/cha_phonlamai_kw03_bing_000022.jpg,bing,6,cha_dam_yen,"mobilenet,vgg16"
cha_phonlamai_kw03_bing_000034.jpg,FP,cha_phonlamai,cha_phonlamai/cha_phonlamai_kw03_bing_000034.jpg,bing,6,cha_dam_yen,"mobilenet,resnet50"
cha_phonlamai_kw06_bing_000024.jpg,FP,cha_thai,cha_thai/cha_phonlamai_kw06_bing_000024.jpg,bing,6,cha_dam_yen,"efficientnet,mobilenet,resnet50"
cha_khiao_nom_kw00_bing_000029.jpg,FP,cha_khiao_nom,cha_khiao_nom/cha_khiao_nom_kw00_bing_000029.jpg,bing,5,cha_dam_yen,efficientnet
cha_nom_khai_muk_kw02_bing_000062.jpg,FP,cha_nom_khai_muk,cha_nom_khai_muk/cha_nom_khai_muk_kw02_bing_000062.jpg,bing,5,cha_dam_yen,"efficientnet,mobilenet"
cha_thai_kw03_baidu_000036.jpg,FP,cha_thai,cha_thai/cha_thai_kw03_baidu_000036.jpg,baidu,5,cha_dam_yen,efficientnet
cha_thai_kw03_baidu_000041.jpg,FP,cha_thai,cha_thai/cha_thai_kw03_baidu_000041.jpg,baidu,5,cha_dam_yen,"mobilenet,resnet50"
cha_dam_yen_kw06_bing_000023.jpg,FP,cha_thai,cha_thai/cha_dam_yen_kw06_bing_000023.jpg,bing,4,cha_dam_yen,efficientnet
cha_thai_kw01_bing_000004.jpg,FP,cha_thai,cha_thai/cha_thai_kw01_bing_000004.jpg,bing,4,cha_dam_yen,"efficientnet,resnet50"
cha_phonlamai_kw03_bing_000020.jpg,FP,cha_phonlamai,cha_phonlamai/cha_phonlamai_kw03_bing_000020.jpg,bing,3,cha_dam_yen,efficientnet
cha_dam_yen_kw04_baidu_000008.jpg,FN,cha_dam_yen,cha_dam_yen/cha_dam_yen_kw04_baidu_000008.jpg,baidu,15,cha_thai,"efficientnet,mobilenet,vgg16"
cha_dam_yen_kw04_baidu_000034.jpg,FN,cha_dam_yen,cha_dam_yen/cha_dam_yen_kw04_baidu_000034.jpg,baidu,7,cha_thai,"mobilenet,vgg16"
cha_dam_yen_kw04_baidu_000036.jpg,FN,cha_dam_yen,cha_dam_yen/cha_dam_yen_kw04_baidu_000036.jpg,baidu,7,cha_phonlamai,"efficientnet,mobilenet,vgg16"
cha_dam_yen_kw06_bing_000076.jpg,FN,cha_dam_yen,cha_dam_yen/cha_dam_yen_kw06_bing_000076.jpg,bing,6,cha_nom_khai_muk,"efficientnet,vgg16"
cha_dam_yen_kw07_bing_000007.jpg,FN,cha_dam_yen,cha_dam_yen/cha_dam_yen_kw07_bing_000007.jpg,bing,5,cha_phonlamai,vgg16
cha_nom_khai_muk_kw06_bing_000029.jpg,FN,cha_dam_yen,cha_dam_yen/cha_nom_khai_muk_kw06_bing_000029.jpg,bing,4,cha_thai,vgg16
cha_dam_yen_kw06_bing_000019.jpg,FN,cha_dam_yen,cha_dam_yen/cha_dam_yen_kw06_bing_000019.jpg,bing,3,cha_phonlamai,"efficientnet,mobilenet"
