arch,class,pred,wrong_per_seed
efficientnet_b3,cha_phonlamai,cha_dam_yen,2.6
efficientnet_b3,cha_thai,cha_dam_yen,2.4
efficientnet_b3,cha_phonlamai,cha_thai,2.0
efficientnet_b3,cha_thai,cha_nom_khai_muk,2.0
efficientnet_b3,cha_khiao_nom,cha_dam_yen,1.6
efficientnet_b3,cha_nom_khai_muk,cha_thai,1.2
efficientnet_b3,cha_dam_yen,cha_phonlamai,1.0
efficientnet_b3,cha_dam_yen,cha_thai,1.0
efficientnet_b3,cha_nom_khai_muk,cha_khiao_nom,1.0
efficientnet_b3,cha_thai,cha_phonlamai,1.0
efficientnet_b3,cha_thai,cha_khiao_nom,0.6
efficientnet_b3,cha_nom_khai_muk,cha_dam_yen,0.4
efficientnet_b3,cha_khiao_nom,cha_nom_khai_muk,0.2
efficientnet_b3,cha_khiao_nom,cha_thai,0.2
mobilenet_v3_large,cha_khiao_nom,cha_thai,5.8
mobilenet_v3_large,cha_phonlamai,cha_thai,4.6
mobilenet_v3_large,cha_nom_khai_muk,cha_thai,3.6
mobilenet_v3_large,cha_phonlamai,cha_dam_yen,3.6
mobilenet_v3_large,cha_khiao_nom,cha_dam_yen,2.0
mobilenet_v3_large,cha_thai,cha_nom_khai_muk,2.0
mobilenet_v3_large,cha_dam_yen,cha_thai,1.8
mobilenet_v3_large,cha_dam_yen,cha_phonlamai,0.6
mobilenet_v3_large,cha_nom_khai_muk,cha_dam_yen,0.6
mobilenet_v3_large,cha_thai,cha_dam_yen,0.6
mobilenet_v3_large,cha_thai,cha_khiao_nom,0.6
mobilenet_v3_large,cha_nom_khai_muk,cha_khiao_nom,0.4
mobilenet_v3_large,cha_khiao_nom,cha_nom_khai_muk,0.2
resnet50,cha_khiao_nom,cha_thai,3.6
resnet50,cha_thai,cha_khiao_nom,2.6
resnet50,cha_phonlamai,cha_thai,2.0
resnet50,cha_thai,cha_dam_yen,2.0
resnet50,cha_khiao_nom,cha_dam_yen,1.8
resnet50,cha_nom_khai_muk,cha_khiao_nom,1.4
resnet50,cha_phonlamai,cha_dam_yen,1.4
resnet50,cha_thai,cha_nom_khai_muk,1.2
resnet50,cha_thai,cha_phonlamai,1.2
resnet50,cha_khiao_nom,cha_nom_khai_muk,0.8
resnet50,cha_nom_khai_muk,cha_thai,0.6
vgg16,cha_khiao_nom,cha_thai,5.6
vgg16,cha_phonlamai,cha_thai,5.4
vgg16,cha_thai,cha_nom_khai_muk,5.2
vgg16,cha_thai,cha_khiao_nom,3.0
vgg16,cha_dam_yen,cha_thai,2.8
vgg16,cha_khiao_nom,cha_nom_khai_muk,2.8
vgg16,cha_nom_khai_muk,cha_khiao_nom,2.0
vgg16,cha_phonlamai,cha_dam_yen,1.6
vgg16,cha_dam_yen,cha_nom_khai_muk,1.2
vgg16,cha_dam_yen,cha_phonlamai,1.2
vgg16,cha_thai,cha_phonlamai,1.0
vgg16,cha_nom_khai_muk,cha_thai,0.8
vgg16,cha_phonlamai,cha_nom_khai_muk,0.8
vgg16,cha_khiao_nom,cha_dam_yen,0.4
vgg16,cha_dam_yen,cha_khiao_nom,0.2
vgg16,cha_khiao_nom,cha_phonlamai,0.2
vgg16,cha_thai,cha_dam_yen,0.2
