sheet,idx,filename
r2__cha_thai__review__00.jpg,0,cha_thai_kw05_bing_000093.jpg
r2__cha_thai__review__00.jpg,1,cha_thai_kw05_bing_000009.jpg
r2__cha_thai__review__00.jpg,2,cha_thai_kw05_bing_000085.jpg
r2__cha_thai__review__00.jpg,3,cha_thai_kw05_bing_000072.jpg
r2__cha_thai__review__00.jpg,4,cha_thai_kw05_bing_000097.png
r2__cha_thai__review__00.jpg,5,cha_thai_kw05_bing_000038.jpg
r2__cha_thai__review__00.jpg,6,cha_thai_kw05_bing_000086.jpg
r2__cha_thai__review__00.jpg,7,cha_thai_kw06_bing_000044.jpg
r2__cha_thai__review__00.jpg,8,cha_thai_kw05_bing_000054.jpg
r2__cha_thai__review__00.jpg,9,cha_thai_kw05_bing_000042.jpg
r2__cha_thai__review__00.jpg,10,cha_thai_kw05_bing_000005.jpg
r2__cha_thai__review__00.jpg,11,cha_thai_kw05_bing_000081.jpg
r2__cha_thai__review__00.jpg,12,cha_thai_kw06_bing_000083.jpg
r2__cha_thai__review__00.jpg,13,cha_thai_kw07_bing_000062.jpg
r2__cha_thai__review__00.jpg,14,cha_thai_kw07_bing_000079.jpg
r2__cha_thai__review__00.jpg,15,cha_thai_kw07_bing_000034.jpg
r2__cha_thai__review__00.jpg,16,cha_thai_kw05_bing_000020.jpg
r2__cha_thai__review__00.jpg,17,cha_thai_kw05_bing_000011.jpg
r2__cha_thai__review__00.jpg,18,cha_thai_kw05_bing_000037.jpg
r2__cha_thai__review__00.jpg,19,cha_thai_kw05_bing_000040.jpg
r2__cha_thai__review__00.jpg,20,cha_thai_kw05_bing_000025.jpg
r2__cha_thai__review__00.jpg,21,cha_thai_kw05_bing_000030.jpg
r2__cha_thai__review__00.jpg,22,cha_thai_kw07_bing_000054.jpg
r2__cha_thai__review__00.jpg,23,cha_thai_kw05_bing_000018.jpg
r2__cha_thai__review__00.jpg,24,cha_thai_kw05_bing_000055.jpg
r2__cha_thai__review__00.jpg,25,cha_thai_kw05_bing_000003.jpg
r2__cha_thai__review__00.jpg,26,cha_thai_kw05_bing_000015.jpg
r2__cha_thai__review__00.jpg,27,cha_thai_kw06_bing_000092.jpg
r2__cha_thai__review__00.jpg,28,cha_thai_kw05_bing_000033.jpg
r2__cha_thai__review__00.jpg,29,cha_thai_kw05_bing_000084.png
r2__cha_thai__review__00.jpg,30,cha_thai_kw07_bing_000017.jpg
r2__cha_thai__review__00.jpg,31,cha_thai_kw05_bing_000048.jpg
r2__cha_thai__review__00.jpg,32,cha_thai_kw05_bing_000045.jpg
r2__cha_thai__review__00.jpg,33,cha_thai_kw07_bing_000031.jpg
r2__cha_thai__review__00.jpg,34,cha_thai_kw05_bing_000007.jpg
r2__cha_thai__review__00.jpg,35,cha_thai_kw07_bing_000007.webp
r2__cha_thai__review__00.jpg,36,cha_thai_kw05_bing_000100.webp
r2__cha_thai__review__00.jpg,37,cha_thai_kw06_bing_000066.webp
r2__cha_thai__review__00.jpg,38,cha_thai_kw05_bing_000021.png
r2__cha_thai__review__00.jpg,39,cha_thai_kw07_bing_000060.webp
r2__cha_thai__review__00.jpg,40,cha_thai_kw05_bing_000026.webp
r2__cha_thai__review__00.jpg,41,cha_thai_kw05_bing_000000.png
r2__cha_thai__review__00.jpg,42,cha_thai_kw06_bing_000036.jpg
r2__cha_thai__review__00.jpg,43,cha_thai_kw06_bing_000033.jpg
r2__cha_thai__review__00.jpg,44,cha_thai_kw06_bing_000065.webp
r2__cha_thai__review__00.jpg,45,cha_thai_kw05_bing_000036.jpg
r2__cha_thai__review__00.jpg,46,cha_thai_kw07_bing_000076.jpg
r2__cha_thai__review__00.jpg,47,cha_thai_kw05_bing_000014.jpg
r2__cha_thai__review__01.jpg,0,cha_thai_kw05_bing_000049.jpg
r2__cha_thai__review__01.jpg,1,cha_thai_kw07_bing_000084.jpg
r2__cha_thai__review__01.jpg,2,cha_thai_kw07_bing_000025.jpg
r2__cha_thai__review__01.jpg,3,cha_thai_kw07_bing_000072.jpg
r2__cha_thai__review__01.jpg,4,cha_thai_kw05_bing_000016.jpg
r2__cha_thai__review__01.jpg,5,cha_thai_kw05_bing_000087.jpg
r2__cha_thai__review__01.jpg,6,cha_thai_kw07_bing_000041.jpg
r2__cha_thai__review__01.jpg,7,cha_thai_kw07_bing_000087.jpg
r2__cha_thai__review__01.jpg,8,cha_thai_kw05_bing_000047.jpg
r2__cha_thai__review__01.jpg,9,cha_thai_kw06_bing_000052.jpg
r2__cha_thai__review__01.jpg,10,cha_thai_kw07_bing_000086.jpg
r2__cha_thai__review__01.jpg,11,cha_thai_kw05_bing_000034.jpg
r2__cha_thai__review__01.jpg,12,cha_thai_kw05_bing_000019.webp
r2__cha_thai__review__01.jpg,13,cha_thai_kw06_bing_000055.jpg
r2__cha_thai__review__01.jpg,14,cha_thai_kw06_bing_000026.png
r2__cha_thai__review__01.jpg,15,cha_thai_kw05_bing_000017.jpg
r2__cha_thai__review__01.jpg,16,cha_thai_kw06_bing_000061.jpg
r2__cha_thai__review__01.jpg,17,cha_thai_kw05_bing_000057.png
r2__cha_thai__review__01.jpg,18,cha_thai_kw07_bing_000077.jpg
r2__cha_thai__review__01.jpg,19,cha_thai_kw06_bing_000060.jpg
r2__cha_thai__review__01.jpg,20,cha_thai_kw07_bing_000059.jpg
r2__cha_thai__review__01.jpg,21,cha_thai_kw05_bing_000006.jpg
r2__cha_thai__review__01.jpg,22,cha_thai_kw05_bing_000079.jpg
r2__cha_thai__review__01.jpg,23,cha_thai_kw06_bing_000096.jpg
r2__cha_thai__review__01.jpg,24,cha_thai_kw07_bing_000045.jpg
r2__cha_thai__review__01.jpg,25,cha_thai_kw06_bing_000088.jpg
r2__cha_thai__review__01.jpg,26,cha_thai_kw07_bing_000063.jpg
r2__cha_thai__review__01.jpg,27,cha_thai_kw06_bing_000029.jpg
r2__cha_thai__review__01.jpg,28,cha_thai_kw06_bing_000017.jpg
r2__cha_thai__review__01.jpg,29,cha_thai_kw07_bing_000039.jpg
r2__cha_thai__review__01.jpg,30,cha_thai_kw05_bing_000039.jpg
r2__cha_thai__review__01.jpg,31,cha_thai_kw07_bing_000053.jpg
r2__cha_thai__review__01.jpg,32,cha_thai_kw07_bing_000023.jpg
r2__cha_thai__review__01.jpg,33,cha_thai_kw06_bing_000041.webp
r2__cha_thai__review__01.jpg,34,cha_thai_kw06_bing_000073.jpg
r2__cha_thai__review__01.jpg,35,cha_thai_kw07_bing_000071.webp
r2__cha_thai__review__01.jpg,36,cha_thai_kw07_bing_000074.webp
r2__cha_thai__review__01.jpg,37,cha_thai_kw06_bing_000106.jpg
r2__cha_thai__review__01.jpg,38,cha_thai_kw05_bing_000001.png
r2__cha_thai__auto_keep__00.jpg,0,cha_thai_kw06_bing_000071.jpg
r2__cha_thai__auto_keep__00.jpg,1,cha_thai_kw06_bing_000072.webp
r2__cha_thai__auto_keep__00.jpg,2,cha_thai_kw07_bing_000005.webp
r2__cha_thai__auto_keep__00.jpg,3,cha_thai_kw06_bing_000079.webp
r2__cha_thai__auto_keep__00.jpg,4,cha_thai_kw06_bing_000048.jpg
r2__cha_thai__auto_keep__00.jpg,5,cha_thai_kw07_bing_000012.jpg
r2__cha_thai__auto_keep__00.jpg,6,cha_thai_kw06_bing_000057.jpg
r2__cha_thai__auto_keep__00.jpg,7,cha_thai_kw07_bing_000116.jpg
r2__cha_thai__auto_keep__00.jpg,8,cha_thai_kw07_bing_000003.png
r2__cha_thai__auto_keep__00.jpg,9,cha_thai_kw07_bing_000002.jpg
r2__cha_thai__auto_keep__00.jpg,10,cha_thai_kw06_bing_000035.jpg
r2__cha_thai__auto_keep__00.jpg,11,cha_thai_kw06_bing_000054.webp
r2__cha_thai__auto_keep__00.jpg,12,cha_thai_kw07_bing_000035.jpg
r2__cha_thai__auto_keep__00.jpg,13,cha_thai_kw07_bing_000030.jpg
r2__cha_thai__auto_keep__00.jpg,14,cha_thai_kw07_bing_000009.webp
r2__cha_thai__auto_keep__00.jpg,15,cha_thai_kw07_bing_000051.jpg
r2__cha_thai__auto_keep__00.jpg,16,cha_thai_kw07_bing_000082.jpg
r2__cha_thai__auto_keep__00.jpg,17,cha_thai_kw07_bing_000042.jpg
r2__cha_thai__auto_keep__00.jpg,18,cha_thai_kw07_bing_000022.jpg
r2__cha_thai__auto_keep__00.jpg,19,cha_thai_kw07_bing_000014.jpg
r2__cha_thai__auto_keep__00.jpg,20,cha_thai_kw06_bing_000063.webp
r2__cha_thai__auto_keep__00.jpg,21,cha_thai_kw07_bing_000011.jpg
r2__cha_thai__auto_keep__00.jpg,22,cha_thai_kw06_bing_000067.jpg
r2__cha_thai__auto_keep__00.jpg,23,cha_thai_kw07_bing_000008.webp
r2__cha_thai__auto_keep__00.jpg,24,cha_thai_kw07_bing_000006.jpg
r2__cha_thai__auto_keep__00.jpg,25,cha_thai_kw06_bing_000128.jpg
r2__cha_thai__auto_keep__00.jpg,26,cha_thai_kw06_bing_000091.webp
r2__cha_thai__auto_keep__00.jpg,27,cha_thai_kw06_bing_000053.jpg
r2__cha_thai__auto_keep__00.jpg,28,cha_thai_kw07_bing_000010.jpg
r2__cha_dam_yen__review__00.jpg,0,cha_dam_yen_kw05_bing_000020.jpg
r2__cha_dam_yen__review__00.jpg,1,cha_dam_yen_kw06_bing_000060.jpg
r2__cha_dam_yen__review__00.jpg,2,cha_dam_yen_kw05_bing_000025.jpg
r2__cha_dam_yen__review__00.jpg,3,cha_dam_yen_kw05_bing_000056.jpg
r2__cha_dam_yen__review__00.jpg,4,cha_dam_yen_kw06_bing_000050.jpg
r2__cha_dam_yen__review__00.jpg,5,cha_dam_yen_kw05_bing_000057.jpg
r2__cha_dam_yen__review__00.jpg,6,cha_dam_yen_kw05_bing_000027.jpg
r2__cha_dam_yen__review__00.jpg,7,cha_dam_yen_kw05_bing_000012.jpg
r2__cha_dam_yen__review__00.jpg,8,cha_dam_yen_kw07_bing_000042.webp
r2__cha_dam_yen__review__00.jpg,9,cha_dam_yen_kw05_bing_000091.jpg
r2__cha_dam_yen__review__00.jpg,10,cha_dam_yen_kw07_bing_000051.jpg
r2__cha_dam_yen__review__00.jpg,11,cha_dam_yen_kw06_bing_000065.jpg
r2__cha_dam_yen__review__00.jpg,12,cha_dam_yen_kw06_bing_000018.jpg
r2__cha_dam_yen__review__00.jpg,13,cha_dam_yen_kw05_bing_000054.jpg
r2__cha_dam_yen__review__00.jpg,14,cha_dam_yen_kw05_bing_000021.jpg
r2__cha_dam_yen__review__00.jpg,15,cha_dam_yen_kw06_bing_000051.jpg
r2__cha_dam_yen__review__00.jpg,16,cha_dam_yen_kw05_bing_000029.jpg
r2__cha_dam_yen__review__00.jpg,17,cha_dam_yen_kw06_bing_000072.jpg
r2__cha_dam_yen__review__00.jpg,18,cha_dam_yen_kw07_bing_000055.webp
r2__cha_dam_yen__review__00.jpg,19,cha_dam_yen_kw06_bing_000014.jpg
r2__cha_dam_yen__review__00.jpg,20,cha_dam_yen_kw05_bing_000032.jpg
r2__cha_dam_yen__review__00.jpg,21,cha_dam_yen_kw06_bing_000024.jpg
r2__cha_dam_yen__review__00.jpg,22,cha_dam_yen_kw06_bing_000010.jpg
r2__cha_dam_yen__review__00.jpg,23,cha_dam_yen_kw06_bing_000062.jpg
r2__cha_dam_yen__review__00.jpg,24,cha_dam_yen_kw07_bing_000034.jpg
r2__cha_dam_yen__review__00.jpg,25,cha_dam_yen_kw06_bing_000095.jpg
r2__cha_dam_yen__review__00.jpg,26,cha_dam_yen_kw06_bing_000023.jpg
r2__cha_dam_yen__review__00.jpg,27,cha_dam_yen_kw06_bing_000009.jpg
r2__cha_dam_yen__review__00.jpg,28,cha_dam_yen_kw05_bing_000044.jpg
r2__cha_dam_yen__review__00.jpg,29,cha_dam_yen_kw06_bing_000096.jpg
r2__cha_dam_yen__review__00.jpg,30,cha_dam_yen_kw06_bing_000000.jpg
r2__cha_dam_yen__review__00.jpg,31,cha_dam_yen_kw07_bing_000074.webp
r2__cha_dam_yen__review__00.jpg,32,cha_dam_yen_kw07_bing_000093.webp
r2__cha_dam_yen__review__00.jpg,33,cha_dam_yen_kw06_bing_000046.jpg
r2__cha_dam_yen__review__00.jpg,34,cha_dam_yen_kw06_bing_000067.jpg
r2__cha_dam_yen__review__00.jpg,35,cha_dam_yen_kw06_bing_000076.jpg
r2__cha_dam_yen__review__00.jpg,36,cha_dam_yen_kw06_bing_000080.jpg
r2__cha_dam_yen__review__00.jpg,37,cha_dam_yen_kw06_bing_000094.jpg
r2__cha_dam_yen__review__00.jpg,38,cha_dam_yen_kw06_bing_000013.jpg
r2__cha_dam_yen__review__00.jpg,39,cha_dam_yen_kw06_bing_000015.jpg
r2__cha_dam_yen__review__00.jpg,40,cha_dam_yen_kw06_bing_000028.jpg
r2__cha_dam_yen__review__00.jpg,41,cha_dam_yen_kw05_bing_000092.jpg
r2__cha_dam_yen__review__00.jpg,42,cha_dam_yen_kw06_bing_000037.jpg
r2__cha_dam_yen__review__00.jpg,43,cha_dam_yen_kw06_bing_000063.jpg
r2__cha_dam_yen__review__00.jpg,44,cha_dam_yen_kw06_bing_000031.jpg
r2__cha_dam_yen__review__00.jpg,45,cha_dam_yen_kw07_bing_000045.webp
r2__cha_dam_yen__review__00.jpg,46,cha_dam_yen_kw06_bing_000012.jpg
r2__cha_dam_yen__review__00.jpg,47,cha_dam_yen_kw06_bing_000055.jpg
r2__cha_dam_yen__review__01.jpg,0,cha_dam_yen_kw07_bing_000069.jpg
r2__cha_dam_yen__review__01.jpg,1,cha_dam_yen_kw06_bing_000099.jpg
r2__cha_dam_yen__review__01.jpg,2,cha_dam_yen_kw06_bing_000064.jpg
r2__cha_dam_yen__auto_keep__00.jpg,0,cha_dam_yen_kw07_bing_000059.jpg
r2__cha_dam_yen__auto_keep__00.jpg,1,cha_dam_yen_kw05_bing_000016.jpg
r2__cha_dam_yen__auto_keep__00.jpg,2,cha_dam_yen_kw07_bing_000013.jpg
r2__cha_dam_yen__auto_keep__00.jpg,3,cha_dam_yen_kw07_bing_000022.webp
r2__cha_dam_yen__auto_keep__00.jpg,4,cha_dam_yen_kw07_bing_000060.jpg
r2__cha_dam_yen__auto_keep__00.jpg,5,cha_dam_yen_kw07_bing_000072.webp
r2__cha_dam_yen__auto_keep__00.jpg,6,cha_dam_yen_kw07_bing_000007.jpg
r2__cha_dam_yen__auto_keep__00.jpg,7,cha_dam_yen_kw07_bing_000008.jpg
r2__cha_dam_yen__auto_keep__00.jpg,8,cha_dam_yen_kw07_bing_000023.jpg
r2__cha_dam_yen__auto_keep__00.jpg,9,cha_dam_yen_kw07_bing_000039.jpg
r2__cha_dam_yen__auto_keep__00.jpg,10,cha_dam_yen_kw07_bing_000026.jpg
r2__cha_dam_yen__auto_keep__00.jpg,11,cha_dam_yen_kw05_bing_000039.png
r2__cha_dam_yen__auto_keep__00.jpg,12,cha_dam_yen_kw06_bing_000034.jpg
r2__cha_dam_yen__auto_keep__00.jpg,13,cha_dam_yen_kw07_bing_000078.jpg
r2__cha_dam_yen__auto_keep__00.jpg,14,cha_dam_yen_kw07_bing_000038.jpg
r2__cha_dam_yen__auto_keep__00.jpg,15,cha_dam_yen_kw07_bing_000009.jpg
r2__cha_dam_yen__auto_keep__00.jpg,16,cha_dam_yen_kw06_bing_000019.jpg
r2__cha_dam_yen__auto_keep__00.jpg,17,cha_dam_yen_kw07_bing_000024.jpg
r2__cha_dam_yen__auto_keep__00.jpg,18,cha_dam_yen_kw07_bing_000036.webp
r2__cha_dam_yen__auto_keep__00.jpg,19,cha_dam_yen_kw05_bing_000009.webp
r2__cha_dam_yen__auto_keep__00.jpg,20,cha_dam_yen_kw06_bing_000027.jpg
r2__cha_dam_yen__auto_keep__00.jpg,21,cha_dam_yen_kw06_bing_000052.jpg
r2__cha_dam_yen__auto_keep__00.jpg,22,cha_dam_yen_kw07_bing_000086.jpg
r2__cha_khiao_nom__review__00.jpg,0,cha_khiao_nom_kw06_bing_000105.jpg
r2__cha_khiao_nom__review__00.jpg,1,cha_khiao_nom_kw00_bing_000088.jpg
r2__cha_khiao_nom__review__00.jpg,2,cha_khiao_nom_kw06_bing_000085.jpg
r2__cha_khiao_nom__review__00.jpg,3,cha_khiao_nom_kw06_bing_000068.jpg
r2__cha_khiao_nom__review__00.jpg,4,cha_khiao_nom_kw06_bing_000091.jpg
r2__cha_khiao_nom__review__00.jpg,5,cha_khiao_nom_kw05_bing_000017.jpg
r2__cha_khiao_nom__review__00.jpg,6,cha_khiao_nom_kw05_bing_000100.webp
r2__cha_khiao_nom__review__00.jpg,7,cha_khiao_nom_kw05_bing_000033.jpg
r2__cha_khiao_nom__review__00.jpg,8,cha_khiao_nom_kw07_bing_000062.jpg
r2__cha_khiao_nom__review__00.jpg,9,cha_khiao_nom_kw06_bing_000040.jpg
r2__cha_khiao_nom__review__00.jpg,10,cha_khiao_nom_kw05_bing_000016.png
r2__cha_khiao_nom__review__00.jpg,11,cha_khiao_nom_kw07_bing_000091.jpg
r2__cha_khiao_nom__review__00.jpg,12,cha_khiao_nom_kw07_bing_000025.jpg
r2__cha_khiao_nom__review__00.jpg,13,cha_khiao_nom_kw07_bing_000012.jpg
r2__cha_khiao_nom__review__00.jpg,14,cha_khiao_nom_kw00_bing_000005.png
r2__cha_khiao_nom__review__00.jpg,15,cha_khiao_nom_kw00_bing_000087.jpg
r2__cha_khiao_nom__review__00.jpg,16,cha_khiao_nom_kw05_bing_000027.jpg
r2__cha_khiao_nom__review__00.jpg,17,cha_khiao_nom_kw07_bing_000080.jpg
r2__cha_khiao_nom__review__00.jpg,18,cha_khiao_nom_kw00_bing_000096.webp
r2__cha_khiao_nom__review__00.jpg,19,cha_khiao_nom_kw06_bing_000080.jpg
r2__cha_khiao_nom__review__00.jpg,20,cha_khiao_nom_kw00_bing_000019.jpg
r2__cha_khiao_nom__review__00.jpg,21,cha_khiao_nom_kw06_bing_000056.jpg
r2__cha_khiao_nom__review__00.jpg,22,cha_khiao_nom_kw07_bing_000051.jpg
r2__cha_khiao_nom__review__00.jpg,23,cha_khiao_nom_kw07_bing_000172.jpg
r2__cha_khiao_nom__review__00.jpg,24,cha_khiao_nom_kw00_bing_000130.jpg
r2__cha_khiao_nom__review__00.jpg,25,cha_khiao_nom_kw06_bing_000099.jpg
r2__cha_khiao_nom__review__00.jpg,26,cha_khiao_nom_kw00_bing_000030.jpg
r2__cha_khiao_nom__review__00.jpg,27,cha_khiao_nom_kw05_bing_000030.jpg
r2__cha_khiao_nom__review__00.jpg,28,cha_khiao_nom_kw00_bing_000095.jpg
r2__cha_khiao_nom__review__00.jpg,29,cha_khiao_nom_kw00_bing_000015.jpg
r2__cha_khiao_nom__review__00.jpg,30,cha_khiao_nom_kw00_bing_000012.jpg
r2__cha_khiao_nom__review__00.jpg,31,cha_khiao_nom_kw00_bing_000059.jpg
r2__cha_khiao_nom__review__00.jpg,32,cha_khiao_nom_kw06_bing_000103.webp
r2__cha_khiao_nom__review__00.jpg,33,cha_khiao_nom_kw00_bing_000035.jpg
r2__cha_khiao_nom__review__00.jpg,34,cha_khiao_nom_kw00_bing_000054.jpg
r2__cha_khiao_nom__review__00.jpg,35,cha_khiao_nom_kw00_bing_000040.jpg
r2__cha_khiao_nom__review__00.jpg,36,cha_khiao_nom_kw06_bing_000079.jpg
r2__cha_khiao_nom__review__00.jpg,37,cha_khiao_nom_kw00_bing_000021.jpg
r2__cha_khiao_nom__review__00.jpg,38,cha_khiao_nom_kw07_bing_000063.jpg
r2__cha_khiao_nom__review__00.jpg,39,cha_khiao_nom_kw07_bing_000011.jpg
r2__cha_khiao_nom__review__00.jpg,40,cha_khiao_nom_kw00_bing_000007.webp
r2__cha_khiao_nom__review__00.jpg,41,cha_khiao_nom_kw07_bing_000057.png
r2__cha_khiao_nom__review__00.jpg,42,cha_khiao_nom_kw00_bing_000100.webp
r2__cha_khiao_nom__review__00.jpg,43,cha_khiao_nom_kw00_bing_000045.jpg
r2__cha_khiao_nom__review__00.jpg,44,cha_khiao_nom_kw06_bing_000094.jpg
r2__cha_khiao_nom__review__00.jpg,45,cha_khiao_nom_kw00_bing_000051.jpg
r2__cha_khiao_nom__review__00.jpg,46,cha_khiao_nom_kw00_bing_000058.jpg
r2__cha_khiao_nom__review__00.jpg,47,cha_khiao_nom_kw06_bing_000067.jpg
r2__cha_khiao_nom__review__01.jpg,0,cha_khiao_nom_kw06_bing_000062.jpg
r2__cha_khiao_nom__review__01.jpg,1,cha_khiao_nom_kw00_bing_000060.jpg
r2__cha_khiao_nom__review__01.jpg,2,cha_khiao_nom_kw06_bing_000038.jpg
r2__cha_khiao_nom__review__01.jpg,3,cha_khiao_nom_kw00_bing_000085.jpg
r2__cha_khiao_nom__review__01.jpg,4,cha_khiao_nom_kw05_bing_000042.jpg
r2__cha_khiao_nom__review__01.jpg,5,cha_khiao_nom_kw07_bing_000094.webp
r2__cha_khiao_nom__review__01.jpg,6,cha_khiao_nom_kw00_bing_000097.jpg
r2__cha_khiao_nom__review__01.jpg,7,cha_khiao_nom_kw06_bing_000095.jpg
r2__cha_khiao_nom__review__01.jpg,8,cha_khiao_nom_kw05_bing_000038.jpg
r2__cha_khiao_nom__auto_keep__00.jpg,0,cha_khiao_nom_kw06_bing_000100.jpg
r2__cha_khiao_nom__auto_keep__00.jpg,1,cha_khiao_nom_kw00_bing_000011.jpg
r2__cha_khiao_nom__auto_keep__00.jpg,2,cha_khiao_nom_kw00_bing_000043.png
r2__cha_khiao_nom__auto_keep__00.jpg,3,cha_khiao_nom_kw00_bing_000049.jpg
r2__cha_khiao_nom__auto_keep__00.jpg,4,cha_khiao_nom_kw00_bing_000004.jpg
r2__cha_khiao_nom__auto_keep__00.jpg,5,cha_khiao_nom_kw00_bing_000027.jpg
r2__cha_khiao_nom__auto_keep__00.jpg,6,cha_khiao_nom_kw07_bing_000049.jpg
r2__cha_khiao_nom__auto_keep__00.jpg,7,cha_khiao_nom_kw00_bing_000000.jpg
r2__cha_khiao_nom__auto_keep__00.jpg,8,cha_khiao_nom_kw07_bing_000016.jpg
r2__cha_khiao_nom__auto_keep__00.jpg,9,cha_khiao_nom_kw00_bing_000023.jpg
r2__cha_khiao_nom__auto_keep__00.jpg,10,cha_khiao_nom_kw06_bing_000046.jpg
r2__cha_khiao_nom__auto_keep__00.jpg,11,cha_khiao_nom_kw00_bing_000079.png
r2__cha_khiao_nom__auto_keep__00.jpg,12,cha_khiao_nom_kw00_bing_000076.png
r2__cha_khiao_nom__auto_keep__00.jpg,13,cha_khiao_nom_kw00_bing_000037.png
r2__cha_khiao_nom__auto_keep__00.jpg,14,cha_khiao_nom_kw00_bing_000031.jpg
r2__cha_khiao_nom__auto_keep__00.jpg,15,cha_khiao_nom_kw07_bing_000030.jpg
r2__cha_khiao_nom__auto_keep__00.jpg,16,cha_khiao_nom_kw07_bing_000042.jpg
r2__cha_khiao_nom__auto_keep__00.jpg,17,cha_khiao_nom_kw05_bing_000011.webp
r2__cha_khiao_nom__auto_keep__00.jpg,18,cha_khiao_nom_kw00_bing_000052.jpg
r2__cha_khiao_nom__auto_keep__00.jpg,19,cha_khiao_nom_kw00_bing_000002.jpg
r2__cha_khiao_nom__auto_keep__00.jpg,20,cha_khiao_nom_kw00_bing_000091.jpg
r2__cha_khiao_nom__auto_keep__00.jpg,21,cha_khiao_nom_kw00_bing_000029.jpg
r2__cha_khiao_nom__auto_keep__00.jpg,22,cha_khiao_nom_kw00_bing_000056.jpg
r2__cha_khiao_nom__auto_keep__00.jpg,23,cha_khiao_nom_kw00_bing_000042.jpg
r2__cha_khiao_nom__auto_keep__00.jpg,24,cha_khiao_nom_kw07_bing_000026.jpg
r2__cha_khiao_nom__auto_keep__00.jpg,25,cha_khiao_nom_kw00_bing_000006.jpg
r2__cha_khiao_nom__auto_keep__00.jpg,26,cha_khiao_nom_kw00_bing_000003.jpg
r2__cha_khiao_nom__auto_keep__00.jpg,27,cha_khiao_nom_kw00_bing_000062.webp
r2__cha_khiao_nom__auto_keep__00.jpg,28,cha_khiao_nom_kw07_bing_000023.jpg
r2__cha_khiao_nom__auto_keep__00.jpg,29,cha_khiao_nom_kw00_bing_000070.jpg
r2__cha_khiao_nom__auto_keep__00.jpg,30,cha_khiao_nom_kw00_bing_000013.jpg
r2__cha_khiao_nom__auto_keep__00.jpg,31,cha_khiao_nom_kw07_bing_000001.jpg
r2__cha_khiao_nom__auto_keep__00.jpg,32,cha_khiao_nom_kw00_bing_000001.jpg
r2__cha_khiao_nom__auto_keep__00.jpg,33,cha_khiao_nom_kw00_bing_000010.jpg
r2__cha_khiao_nom__auto_keep__00.jpg,34,cha_khiao_nom_kw05_bing_000072.jpg
r2__cha_khiao_nom__auto_keep__00.jpg,35,cha_khiao_nom_kw05_bing_000092.jpg
r2__cha_khiao_nom__auto_keep__00.jpg,36,cha_khiao_nom_kw00_bing_000005.jpg
r2__cha_khiao_nom__auto_keep__00.jpg,37,cha_khiao_nom_kw00_bing_000008.png
r2__cha_khiao_nom__auto_keep__00.jpg,38,cha_khiao_nom_kw00_bing_000078.jpg
r2__cha_khiao_nom__auto_keep__00.jpg,39,cha_khiao_nom_kw07_bing_000027.jpg
r2__cha_khiao_nom__auto_keep__00.jpg,40,cha_khiao_nom_kw07_bing_000037.png
r2__cha_khiao_nom__auto_keep__00.jpg,41,cha_khiao_nom_kw00_bing_000001.png
r2__cha_khiao_nom__auto_keep__00.jpg,42,cha_khiao_nom_kw00_bing_000039.jpg
r2__cha_khiao_nom__auto_keep__00.jpg,43,cha_khiao_nom_kw00_bing_000010.png
r2__cha_khiao_nom__auto_keep__00.jpg,44,cha_khiao_nom_kw05_bing_000037.png
r2__cha_khiao_nom__auto_keep__00.jpg,45,cha_khiao_nom_kw00_bing_000028.jpg
r2__cha_khiao_nom__auto_keep__00.jpg,46,cha_khiao_nom_kw00_bing_000071.jpg
r2__cha_khiao_nom__auto_keep__00.jpg,47,cha_khiao_nom_kw07_bing_000040.jpg
r2__cha_khiao_nom__auto_keep__01.jpg,0,cha_khiao_nom_kw07_bing_000061.jpg
r2__cha_khiao_nom__auto_keep__01.jpg,1,cha_khiao_nom_kw06_bing_000041.jpg
r2__cha_khiao_nom__auto_keep__01.jpg,2,cha_khiao_nom_kw06_bing_000070.jpg
r2__cha_khiao_nom__auto_keep__01.jpg,3,cha_khiao_nom_kw06_bing_000078.jpg
r2__cha_khiao_nom__auto_keep__01.jpg,4,cha_khiao_nom_kw00_bing_000067.webp
r2__cha_nom_khai_muk__review__00.jpg,0,cha_nom_khai_muk_kw06_bing_000017.jpg
r2__cha_nom_khai_muk__review__00.jpg,1,cha_nom_khai_muk_kw06_bing_000028.jpg
r2__cha_nom_khai_muk__review__00.jpg,2,cha_nom_khai_muk_kw05_bing_000061.jpg
r2__cha_nom_khai_muk__review__00.jpg,3,cha_nom_khai_muk_kw06_bing_000023.jpg
r2__cha_nom_khai_muk__review__00.jpg,4,cha_nom_khai_muk_kw06_bing_000062.jpg
r2__cha_nom_khai_muk__review__00.jpg,5,cha_nom_khai_muk_kw07_bing_000031.webp
r2__cha_nom_khai_muk__review__00.jpg,6,cha_nom_khai_muk_kw06_bing_000097.jpg
r2__cha_nom_khai_muk__review__00.jpg,7,cha_nom_khai_muk_kw06_bing_000058.jpg
r2__cha_nom_khai_muk__review__00.jpg,8,cha_nom_khai_muk_kw06_bing_000089.jpg
r2__cha_nom_khai_muk__review__00.jpg,9,cha_nom_khai_muk_kw06_bing_000054.jpg
r2__cha_nom_khai_muk__review__00.jpg,10,cha_nom_khai_muk_kw05_bing_000084.jpg
r2__cha_nom_khai_muk__review__00.jpg,11,cha_nom_khai_muk_kw06_bing_000057.jpg
r2__cha_nom_khai_muk__review__00.jpg,12,cha_nom_khai_muk_kw05_bing_000092.jpg
r2__cha_nom_khai_muk__review__00.jpg,13,cha_nom_khai_muk_kw05_bing_000043.jpg
r2__cha_nom_khai_muk__review__00.jpg,14,cha_nom_khai_muk_kw06_bing_000036.jpg
r2__cha_nom_khai_muk__review__00.jpg,15,cha_nom_khai_muk_kw05_bing_000027.jpg
r2__cha_nom_khai_muk__review__00.jpg,16,cha_nom_khai_muk_kw05_bing_000035.jpg
r2__cha_nom_khai_muk__review__00.jpg,17,cha_nom_khai_muk_kw06_bing_000076.jpg
r2__cha_nom_khai_muk__review__00.jpg,18,cha_nom_khai_muk_kw06_bing_000075.jpg
r2__cha_nom_khai_muk__review__00.jpg,19,cha_nom_khai_muk_kw06_bing_000069.jpg
r2__cha_nom_khai_muk__review__00.jpg,20,cha_nom_khai_muk_kw06_bing_000072.jpg
r2__cha_nom_khai_muk__review__00.jpg,21,cha_nom_khai_muk_kw07_bing_000067.jpg
r2__cha_nom_khai_muk__review__00.jpg,22,cha_nom_khai_muk_kw07_bing_000060.jpg
r2__cha_nom_khai_muk__review__00.jpg,23,cha_nom_khai_muk_kw06_bing_000048.jpg
r2__cha_nom_khai_muk__review__00.jpg,24,cha_nom_khai_muk_kw07_bing_000004.png
r2__cha_nom_khai_muk__review__00.jpg,25,cha_nom_khai_muk_kw06_bing_000084.jpg
r2__cha_nom_khai_muk__review__00.jpg,26,cha_nom_khai_muk_kw07_bing_000038.jpg
r2__cha_nom_khai_muk__review__00.jpg,27,cha_nom_khai_muk_kw07_bing_000057.jpg
r2__cha_nom_khai_muk__review__00.jpg,28,cha_nom_khai_muk_kw07_bing_000041.jpg
r2__cha_nom_khai_muk__review__00.jpg,29,cha_nom_khai_muk_kw06_bing_000016.webp
r2__cha_nom_khai_muk__review__00.jpg,30,cha_nom_khai_muk_kw06_bing_000004.jpg
r2__cha_nom_khai_muk__review__00.jpg,31,cha_nom_khai_muk_kw07_bing_000005.jpg
r2__cha_nom_khai_muk__review__00.jpg,32,cha_nom_khai_muk_kw06_bing_000093.webp
r2__cha_nom_khai_muk__review__00.jpg,33,cha_nom_khai_muk_kw07_bing_000079.jpg
r2__cha_nom_khai_muk__review__00.jpg,34,cha_nom_khai_muk_kw06_bing_000068.jpg
r2__cha_nom_khai_muk__review__00.jpg,35,cha_nom_khai_muk_kw06_bing_000035.png
r2__cha_nom_khai_muk__review__00.jpg,36,cha_nom_khai_muk_kw07_bing_000002.jpg
r2__cha_nom_khai_muk__review__00.jpg,37,cha_nom_khai_muk_kw06_bing_000027.jpg
r2__cha_nom_khai_muk__review__00.jpg,38,cha_nom_khai_muk_kw06_bing_000007.jpg
r2__cha_nom_khai_muk__review__00.jpg,39,cha_nom_khai_muk_kw07_bing_000011.webp
r2__cha_nom_khai_muk__review__00.jpg,40,cha_nom_khai_muk_kw06_bing_000012.jpg
r2__cha_nom_khai_muk__review__00.jpg,41,cha_nom_khai_muk_kw06_bing_000018.jpg
r2__cha_nom_khai_muk__review__00.jpg,42,cha_nom_khai_muk_kw07_bing_000046.jpg
r2__cha_nom_khai_muk__review__00.jpg,43,cha_nom_khai_muk_kw07_bing_000049.jpg
r2__cha_nom_khai_muk__review__00.jpg,44,cha_nom_khai_muk_kw07_bing_000050.jpg
r2__cha_nom_khai_muk__review__00.jpg,45,cha_nom_khai_muk_kw06_bing_000024.jpg
r2__cha_nom_khai_muk__review__00.jpg,46,cha_nom_khai_muk_kw06_bing_000095.jpg
r2__cha_nom_khai_muk__review__00.jpg,47,cha_nom_khai_muk_kw06_bing_000029.jpg
r2__cha_nom_khai_muk__auto_keep__00.jpg,0,cha_nom_khai_muk_kw06_bing_000038.jpg
r2__cha_nom_khai_muk__auto_keep__00.jpg,1,cha_nom_khai_muk_kw05_bing_000060.jpg
r2__cha_nom_khai_muk__auto_keep__00.jpg,2,cha_nom_khai_muk_kw06_bing_000019.jpg
r2__cha_nom_khai_muk__auto_keep__00.jpg,3,cha_nom_khai_muk_kw05_bing_000005.jpg
r2__cha_nom_khai_muk__auto_keep__00.jpg,4,cha_nom_khai_muk_kw05_bing_000075.jpg
r2__cha_nom_khai_muk__auto_keep__00.jpg,5,cha_nom_khai_muk_kw05_bing_000007.jpg
r2__cha_nom_khai_muk__auto_keep__00.jpg,6,cha_nom_khai_muk_kw06_bing_000011.jpg
r2__cha_nom_khai_muk__auto_keep__00.jpg,7,cha_nom_khai_muk_kw07_bing_000033.png
r2__cha_nom_khai_muk__auto_keep__00.jpg,8,cha_nom_khai_muk_kw07_bing_000065.jpg
r2__cha_nom_khai_muk__auto_keep__00.jpg,9,cha_nom_khai_muk_kw07_bing_000016.jpg
r2__cha_nom_khai_muk__auto_keep__00.jpg,10,cha_nom_khai_muk_kw05_bing_000014.jpg
r2__cha_nom_khai_muk__auto_keep__00.jpg,11,cha_nom_khai_muk_kw07_bing_000027.jpg
r2__cha_nom_khai_muk__auto_keep__00.jpg,12,cha_nom_khai_muk_kw07_bing_000015.jpg
r2__cha_nom_khai_muk__auto_keep__00.jpg,13,cha_nom_khai_muk_kw05_bing_000000.jpg
r2__cha_nom_khai_muk__auto_keep__00.jpg,14,cha_nom_khai_muk_kw07_bing_000020.jpg
r2__cha_nom_khai_muk__auto_keep__00.jpg,15,cha_nom_khai_muk_kw06_bing_000033.jpg
r2__cha_nom_khai_muk__auto_keep__00.jpg,16,cha_nom_khai_muk_kw06_bing_000008.jpg
r2__cha_nom_khai_muk__auto_keep__00.jpg,17,cha_nom_khai_muk_kw06_bing_000013.jpg
r2__cha_nom_khai_muk__auto_keep__00.jpg,18,cha_nom_khai_muk_kw07_bing_000024.jpg
r2__cha_nom_khai_muk__auto_keep__00.jpg,19,cha_nom_khai_muk_kw06_bing_000063.webp
r2__cha_nom_khai_muk__auto_keep__00.jpg,20,cha_nom_khai_muk_kw07_bing_000018.jpg
r2__cha_nom_khai_muk__auto_keep__00.jpg,21,cha_nom_khai_muk_kw07_bing_000034.webp
r2__cha_nom_khai_muk__auto_keep__00.jpg,22,cha_nom_khai_muk_kw07_bing_000069.jpg
r2__cha_nom_khai_muk__auto_keep__00.jpg,23,cha_nom_khai_muk_kw07_bing_000008.jpg
r2__cha_nom_khai_muk__auto_keep__00.jpg,24,cha_nom_khai_muk_kw07_bing_000021.jpg
r2__cha_nom_khai_muk__auto_keep__00.jpg,25,cha_nom_khai_muk_kw07_bing_000003.jpg
r2__cha_nom_khai_muk__auto_keep__00.jpg,26,cha_nom_khai_muk_kw06_bing_000071.jpg
r2__cha_nom_khai_muk__auto_keep__00.jpg,27,cha_nom_khai_muk_kw07_bing_000000.jpg
r2__cha_nom_khai_muk__auto_keep__00.jpg,28,cha_nom_khai_muk_kw07_bing_000080.jpg
r2__cha_nom_khai_muk__auto_keep__00.jpg,29,cha_nom_khai_muk_kw05_bing_000001.jpg
r2__cha_nom_khai_muk__auto_keep__00.jpg,30,cha_nom_khai_muk_kw05_bing_000003.jpg
r2__cha_nom_khai_muk__auto_keep__00.jpg,31,cha_nom_khai_muk_kw07_bing_000063.webp
r2__cha_nom_khai_muk__auto_keep__00.jpg,32,cha_nom_khai_muk_kw07_bing_000040.jpg
r2__cha_nom_khai_muk__auto_keep__00.jpg,33,cha_nom_khai_muk_kw07_bing_000037.jpg
r2__cha_nom_khai_muk__auto_keep__00.jpg,34,cha_nom_khai_muk_kw05_bing_000039.jpg
r2__cha_nom_khai_muk__auto_keep__00.jpg,35,cha_nom_khai_muk_kw06_bing_000002.jpg
r2__cha_nom_khai_muk__auto_keep__00.jpg,36,cha_nom_khai_muk_kw07_bing_000030.webp
r2__cha_nom_khai_muk__auto_keep__00.jpg,37,cha_nom_khai_muk_kw06_bing_000021.jpg
r2__cha_nom_khai_muk__auto_keep__00.jpg,38,cha_nom_khai_muk_kw06_bing_000096.jpg
r2__cha_nom_khai_muk__auto_keep__00.jpg,39,cha_nom_khai_muk_kw07_bing_000025.jpg
r2__cha_nom_khai_muk__auto_keep__00.jpg,40,cha_nom_khai_muk_kw07_bing_000022.jpg
r2__cha_nom_khai_muk__auto_keep__00.jpg,41,cha_nom_khai_muk_kw06_bing_000034.jpg
r2__cha_nom_khai_muk__auto_keep__00.jpg,42,cha_nom_khai_muk_kw06_bing_000046.jpg
r2__cha_nom_khai_muk__auto_keep__00.jpg,43,cha_nom_khai_muk_kw06_bing_000047.jpg
r2__cha_nom_khai_muk__auto_keep__00.jpg,44,cha_nom_khai_muk_kw06_bing_000050.jpg
r2__cha_nom_khai_muk__auto_keep__00.jpg,45,cha_nom_khai_muk_kw06_bing_000059.jpg
r2__cha_nom_khai_muk__auto_keep__00.jpg,46,cha_nom_khai_muk_kw07_bing_000012.jpg
r2__cha_nom_khai_muk__auto_keep__00.jpg,47,cha_nom_khai_muk_kw06_bing_000060.jpg
r2__cha_nom_khai_muk__auto_keep__01.jpg,0,cha_nom_khai_muk_kw07_bing_000082.jpg
r2__cha_nom_khai_muk__auto_keep__01.jpg,1,cha_nom_khai_muk_kw07_bing_000001.jpg
r2__cha_nom_khai_muk__auto_keep__01.jpg,2,cha_nom_khai_muk_kw06_bing_000031.jpg
r2__cha_nom_khai_muk__auto_keep__01.jpg,3,cha_nom_khai_muk_kw07_bing_000098.jpg
r2__cha_phonlamai__review__00.jpg,0,cha_phonlamai_kw07_bing_000016.jpg
r2__cha_phonlamai__review__00.jpg,1,cha_phonlamai_kw05_bing_000086.jpg
r2__cha_phonlamai__review__00.jpg,2,cha_phonlamai_kw07_bing_000028.jpg
r2__cha_phonlamai__review__00.jpg,3,cha_phonlamai_kw06_bing_000094.jpg
r2__cha_phonlamai__review__00.jpg,4,cha_phonlamai_kw07_bing_000048.jpg
r2__cha_phonlamai__review__00.jpg,5,cha_phonlamai_kw07_bing_000001.webp
r2__cha_phonlamai__review__00.jpg,6,cha_phonlamai_kw07_bing_000051.webp
r2__cha_phonlamai__review__00.jpg,7,cha_phonlamai_kw05_bing_000067.jpg
r2__cha_phonlamai__review__00.jpg,8,cha_phonlamai_kw07_bing_000030.jpg
r2__cha_phonlamai__review__00.jpg,9,cha_phonlamai_kw07_bing_000027.jpg
r2__cha_phonlamai__review__00.jpg,10,cha_phonlamai_kw07_bing_000091.jpg
r2__cha_phonlamai__review__00.jpg,11,cha_phonlamai_kw07_bing_000070.webp
r2__cha_phonlamai__review__00.jpg,12,cha_phonlamai_kw05_bing_000022.jpg
r2__cha_phonlamai__review__00.jpg,13,cha_phonlamai_kw07_bing_000045.jpg
r2__cha_phonlamai__review__00.jpg,14,cha_phonlamai_kw07_bing_000047.jpg
r2__cha_phonlamai__review__00.jpg,15,cha_phonlamai_kw05_bing_000087.jpg
r2__cha_phonlamai__review__00.jpg,16,cha_phonlamai_kw07_bing_000000.webp
r2__cha_phonlamai__review__00.jpg,17,cha_phonlamai_kw06_bing_000063.jpg
r2__cha_phonlamai__review__00.jpg,18,cha_phonlamai_kw07_bing_000071.jpg
r2__cha_phonlamai__review__00.jpg,19,cha_phonlamai_kw06_bing_000031.jpg
r2__cha_phonlamai__review__00.jpg,20,cha_phonlamai_kw07_bing_000086.jpg
r2__cha_phonlamai__review__00.jpg,21,cha_phonlamai_kw05_bing_000097.jpg
r2__cha_phonlamai__review__00.jpg,22,cha_phonlamai_kw06_bing_000070.jpg
r2__cha_phonlamai__review__00.jpg,23,cha_phonlamai_kw06_bing_000003.webp
r2__cha_phonlamai__review__00.jpg,24,cha_phonlamai_kw06_bing_000085.jpg
r2__cha_phonlamai__review__00.jpg,25,cha_phonlamai_kw07_bing_000056.jpg
r2__cha_phonlamai__review__00.jpg,26,cha_phonlamai_kw06_bing_000068.jpg
r2__cha_phonlamai__review__00.jpg,27,cha_phonlamai_kw05_bing_000066.jpg
r2__cha_phonlamai__review__00.jpg,28,cha_phonlamai_kw06_bing_000073.jpg
r2__cha_phonlamai__review__00.jpg,29,cha_phonlamai_kw06_bing_000069.jpg
r2__cha_phonlamai__review__00.jpg,30,cha_phonlamai_kw07_bing_000083.jpg
r2__cha_phonlamai__review__00.jpg,31,cha_phonlamai_kw06_bing_000090.jpg
r2__cha_phonlamai__review__00.jpg,32,cha_phonlamai_kw05_bing_000016.jpg
r2__cha_phonlamai__review__00.jpg,33,cha_phonlamai_kw07_bing_000029.jpg
r2__cha_phonlamai__review__00.jpg,34,cha_phonlamai_kw07_bing_000072.jpg
r2__cha_phonlamai__review__00.jpg,35,cha_phonlamai_kw05_bing_000027.jpg
r2__cha_phonlamai__review__00.jpg,36,cha_phonlamai_kw07_bing_000008.jpg
r2__cha_phonlamai__review__00.jpg,37,cha_phonlamai_kw07_bing_000049.webp
r2__cha_phonlamai__review__00.jpg,38,cha_phonlamai_kw07_bing_000015.jpg
r2__cha_phonlamai__review__00.jpg,39,cha_phonlamai_kw05_bing_000071.webp
r2__cha_phonlamai__review__00.jpg,40,cha_phonlamai_kw07_bing_000033.jpg
r2__cha_phonlamai__review__00.jpg,41,cha_phonlamai_kw07_bing_000019.jpg
r2__cha_phonlamai__review__00.jpg,42,cha_phonlamai_kw06_bing_000025.jpg
r2__cha_phonlamai__review__00.jpg,43,cha_phonlamai_kw05_bing_000077.jpg
r2__cha_phonlamai__review__00.jpg,44,cha_phonlamai_kw05_bing_000038.jpg
r2__cha_phonlamai__review__00.jpg,45,cha_phonlamai_kw06_bing_000061.png
r2__cha_phonlamai__review__00.jpg,46,cha_phonlamai_kw06_bing_000084.webp
r2__cha_phonlamai__review__00.jpg,47,cha_phonlamai_kw07_bing_000021.jpg
r2__cha_phonlamai__review__01.jpg,0,cha_phonlamai_kw07_bing_000089.webp
r2__cha_phonlamai__review__01.jpg,1,cha_phonlamai_kw07_bing_000041.jpg
r2__cha_phonlamai__review__01.jpg,2,cha_phonlamai_kw07_bing_000004.jpg
r2__cha_phonlamai__review__01.jpg,3,cha_phonlamai_kw07_bing_000022.jpg
r2__cha_phonlamai__review__01.jpg,4,cha_phonlamai_kw06_bing_000097.jpg
r2__cha_phonlamai__review__01.jpg,5,cha_phonlamai_kw06_bing_000101.png
r2__cha_phonlamai__review__01.jpg,6,cha_phonlamai_kw07_bing_000011.jpg
r2__cha_phonlamai__review__01.jpg,7,cha_phonlamai_kw07_bing_000092.jpg
r2__cha_phonlamai__review__01.jpg,8,cha_phonlamai_kw06_bing_000079.jpg
r2__cha_phonlamai__review__01.jpg,9,cha_phonlamai_kw07_bing_000080.jpg
r2__cha_phonlamai__review__01.jpg,10,cha_phonlamai_kw06_bing_000081.jpg
r2__cha_phonlamai__review__01.jpg,11,cha_phonlamai_kw06_bing_000002.jpg
r2__cha_phonlamai__review__01.jpg,12,cha_phonlamai_kw06_bing_000004.jpg
r2__cha_phonlamai__review__01.jpg,13,cha_phonlamai_kw06_bing_000027.jpg
r2__cha_phonlamai__review__01.jpg,14,cha_phonlamai_kw06_bing_000053.jpg
r2__cha_phonlamai__review__01.jpg,15,cha_phonlamai_kw06_bing_000029.jpg
r2__cha_phonlamai__review__01.jpg,16,cha_phonlamai_kw06_bing_000013.webp
r2__cha_phonlamai__review__01.jpg,17,cha_phonlamai_kw07_bing_000042.jpg
r2__cha_phonlamai__review__01.jpg,18,cha_phonlamai_kw07_bing_000065.webp
r2__cha_phonlamai__review__01.jpg,19,cha_phonlamai_kw06_bing_000037.jpg
r2__cha_phonlamai__review__01.jpg,20,cha_phonlamai_kw07_bing_000034.jpg
r2__cha_phonlamai__review__01.jpg,21,cha_phonlamai_kw06_bing_000080.webp
r2__cha_phonlamai__review__01.jpg,22,cha_phonlamai_kw07_bing_000081.jpg
r2__cha_phonlamai__review__01.jpg,23,cha_phonlamai_kw07_bing_000058.webp
r2__cha_phonlamai__review__01.jpg,24,cha_phonlamai_kw07_bing_000007.webp
r2__cha_phonlamai__review__01.jpg,25,cha_phonlamai_kw07_bing_000053.webp
r2__cha_phonlamai__review__01.jpg,26,cha_phonlamai_kw07_bing_000037.webp
r2__cha_phonlamai__review__01.jpg,27,cha_phonlamai_kw06_bing_000044.jpg
r2__cha_phonlamai__review__01.jpg,28,cha_phonlamai_kw07_bing_000002.jpg
r2__cha_phonlamai__review__01.jpg,29,cha_phonlamai_kw05_bing_000055.jpg
r2__cha_phonlamai__review__01.jpg,30,cha_phonlamai_kw06_bing_000014.jpg
r2__cha_phonlamai__review__01.jpg,31,cha_phonlamai_kw06_bing_000062.jpg
r2__cha_phonlamai__review__01.jpg,32,cha_phonlamai_kw06_bing_000050.jpg
r2__cha_phonlamai__review__01.jpg,33,cha_phonlamai_kw06_bing_000012.webp
r2__cha_phonlamai__review__01.jpg,34,cha_phonlamai_kw06_bing_000064.jpg
r2__cha_phonlamai__review__01.jpg,35,cha_phonlamai_kw06_bing_000065.jpg
r2__cha_phonlamai__review__01.jpg,36,cha_phonlamai_kw07_bing_000103.jpg
r2__cha_phonlamai__review__01.jpg,37,cha_phonlamai_kw06_bing_000046.jpg
r2__cha_phonlamai__review__01.jpg,38,cha_phonlamai_kw06_bing_000030.jpg
r2__cha_phonlamai__review__01.jpg,39,cha_phonlamai_kw05_bing_000079.jpg
r2__cha_phonlamai__review__01.jpg,40,cha_phonlamai_kw06_bing_000041.jpg
r2__cha_phonlamai__review__01.jpg,41,cha_phonlamai_kw06_bing_000074.jpg
r2__cha_phonlamai__review__01.jpg,42,cha_phonlamai_kw05_bing_000061.jpg
r2__cha_phonlamai__review__01.jpg,43,cha_phonlamai_kw05_bing_000065.jpg
r2__cha_phonlamai__review__01.jpg,44,cha_phonlamai_kw07_bing_000069.jpg
r2__cha_phonlamai__review__01.jpg,45,cha_phonlamai_kw06_bing_000024.jpg
r2__cha_phonlamai__review__01.jpg,46,cha_phonlamai_kw06_bing_000051.jpg
r2__cha_phonlamai__review__01.jpg,47,cha_phonlamai_kw07_bing_000032.webp
r2__cha_phonlamai__review__02.jpg,0,cha_phonlamai_kw07_bing_000040.jpg
r2__cha_phonlamai__review__02.jpg,1,cha_phonlamai_kw07_bing_000046.jpg
r2__cha_phonlamai__review__02.jpg,2,cha_phonlamai_kw07_bing_000105.webp
r2__cha_phonlamai__auto_keep__00.jpg,0,cha_phonlamai_kw05_bing_000032.jpg
r2__cha_phonlamai__auto_keep__00.jpg,1,cha_phonlamai_kw05_bing_000085.jpg
r2__cha_phonlamai__auto_keep__00.jpg,2,cha_phonlamai_kw07_bing_000078.jpg
r2__cha_phonlamai__auto_keep__00.jpg,3,cha_phonlamai_kw05_bing_000080.webp
r2__cha_phonlamai__auto_keep__00.jpg,4,cha_phonlamai_kw07_bing_000039.jpg
r2__cha_phonlamai__auto_keep__00.jpg,5,cha_phonlamai_kw06_bing_000017.webp
r2__cha_phonlamai__auto_keep__00.jpg,6,cha_phonlamai_kw07_bing_000057.jpg
r2__cha_phonlamai__auto_keep__00.jpg,7,cha_phonlamai_kw05_bing_000033.jpg
r2__cha_phonlamai__auto_keep__00.jpg,8,cha_phonlamai_kw07_bing_000050.png
r2__cha_phonlamai__auto_keep__00.jpg,9,cha_phonlamai_kw07_bing_000026.jpg
r2__cha_phonlamai__auto_keep__00.jpg,10,cha_phonlamai_kw07_bing_000062.jpg
r2__cha_phonlamai__auto_keep__00.jpg,11,cha_phonlamai_kw06_bing_000009.jpg
r2__cha_phonlamai__auto_keep__00.jpg,12,cha_phonlamai_kw07_bing_000003.jpg
r2__cha_phonlamai__auto_keep__00.jpg,13,cha_phonlamai_kw07_bing_000023.webp
r2__cha_phonlamai__auto_keep__00.jpg,14,cha_phonlamai_kw06_bing_000022.jpg
r2__cha_phonlamai__auto_keep__00.jpg,15,cha_phonlamai_kw05_bing_000060.jpg
r2__cha_phonlamai__auto_keep__00.jpg,16,cha_phonlamai_kw07_bing_000010.jpg
r2__cha_phonlamai__auto_keep__00.jpg,17,cha_phonlamai_kw07_bing_000095.jpg
r2__cha_phonlamai__auto_keep__00.jpg,18,cha_phonlamai_kw05_bing_000042.jpg
