filename,relpath,class,keyword_id,round,keyword,lang,engine,source,shop_id,width,height,aspect_ratio,mode,is_grayscale,xclass_dup,src_path,search_class,group,pred,confidence
cha_thai_kw01_bing_000000.jpg,cha_thai/cha_thai_kw01_bing_000000.jpg,cha_thai,kw01,1,ชาเย็น ร้านชา,th,bing,web_scrape,,1248,1664,0.75,RGB,False,False,,cha_thai,cha_thai|kw01|bing,cha_thai,0.9383
cha_thai_kw01_bing_000001.jpg,cha_thai/cha_thai_kw01_bing_000001.jpg,cha_thai,kw01,1,ชาเย็น ร้านชา,th,bing,web_scrape,,1248,936,1.3333,RGB,False,False,,cha_thai,cha_thai|kw01|bing,cha_thai,0.9986
cha_thai_kw01_bing_000002.jpg,cha_thai/cha_thai_kw01_bing_000002.jpg,cha_thai,kw01,1,ชาเย็น ร้านชา,th,bing,web_scrape,,1920,1280,1.5,RGB,False,False,,cha_thai,cha_thai|kw01|bing,cha_thai,0.986
cha_thai_kw01_bing_000003.jpg,cha_thai/cha_thai_kw01_bing_000003.jpg,cha_thai,kw01,1,ชาเย็น ร้านชา,th,bing,web_scrape,,600,900,0.6667,RGB,False,False,,cha_thai,cha_thai|kw01|bing,cha_thai,0.9995
cha_thai_kw01_bing_000004.jpg,cha_thai/cha_thai_kw01_bing_000004.jpg,cha_thai,kw01,1,ชาเย็น ร้านชา,th,bing,web_scrape,,767,1024,0.749,RGB,False,False,,cha_thai,cha_thai|kw01|bing,cha_thai,0.9529
cha_thai_kw01_bing_000016.jpg,cha_thai/cha_thai_kw01_bing_000016.jpg,cha_thai,kw01,1,ชาเย็น ร้านชา,th,bing,web_scrape,,1242,1027,1.2093,RGB,False,False,,cha_thai,cha_thai|kw01|bing,cha_nom_khai_muk,0.4869
cha_thai_kw01_bing_000017.jpg,cha_thai/cha_thai_kw01_bing_000017.jpg,cha_thai,kw01,1,ชาเย็น ร้านชา,th,bing,web_scrape,,1425,1900,0.75,RGB,False,False,,cha_thai,cha_thai|kw01|bing,cha_thai,0.7592
cha_thai_kw01_bing_000018.jpg,cha_thai/cha_thai_kw01_bing_000018.jpg,cha_thai,kw01,1,ชาเย็น ร้านชา,th,bing,web_scrape,,1248,936,1.3333,RGB,False,False,,cha_thai,cha_thai|kw01|bing,cha_thai,0.968
cha_thai_kw01_bing_000021.jpg,cha_thai/cha_thai_kw01_bing_000021.jpg,cha_thai,kw01,1,ชาเย็น ร้านชา,th,bing,web_scrape,,800,600,1.3333,RGB,False,False,,cha_thai,cha_thai|kw01|bing,cha_thai,0.9983
cha_thai_kw01_bing_000026.jpg,cha_thai/cha_thai_kw01_bing_000026.jpg,cha_thai,kw01,1,ชาเย็น ร้านชา,th,bing,web_scrape,,1441,1920,0.7505,RGB,False,False,,cha_thai,cha_thai|kw01|bing,cha_thai,0.9563
cha_thai_kw01_bing_000027.jpg,cha_thai/cha_thai_kw01_bing_000027.jpg,cha_thai,kw01,1,ชาเย็น ร้านชา,th,bing,web_scrape,,1090,1454,0.7497,RGB,False,True,,cha_thai,cha_thai|kw01|bing,cha_thai,0.9317
cha_thai_kw01_bing_000029.jpg,cha_thai/cha_thai_kw01_bing_000029.jpg,cha_thai,kw01,1,ชาเย็น ร้านชา,th,bing,web_scrape,,1425,1900,0.75,RGB,False,False,,cha_thai,cha_thai|kw01|bing,cha_thai,0.6417
cha_thai_kw01_bing_000032.jpg,cha_thai/cha_thai_kw01_bing_000032.jpg,cha_thai,kw01,1,ชาเย็น ร้านชา,th,bing,web_scrape,,736,981,0.7503,RGB,False,True,,cha_thai,cha_thai|kw01|bing,cha_thai,0.7215
cha_thai_kw03_baidu_000002.jpg,cha_thai/cha_thai_kw03_baidu_000002.jpg,cha_thai,kw03,1,thai milk tea iced glass,en,baidu,web_scrape,,1500,1101,1.3624,RGB,False,False,,cha_thai,cha_thai|kw03|baidu,cha_thai,0.9618
cha_thai_kw03_baidu_000003.jpg,cha_thai/cha_thai_kw03_baidu_000003.jpg,cha_thai,kw03,1,thai milk tea iced glass,en,baidu,web_scrape,,1500,1102,1.3612,RGB,False,False,,cha_thai,cha_thai|kw03|baidu,cha_thai,0.9939
cha_thai_kw03_baidu_000004.jpg,cha_thai/cha_thai_kw03_baidu_000004.jpg,cha_thai,kw03,1,thai milk tea iced glass,en,baidu,web_scrape,,1001,1600,0.6256,RGB,False,True,,cha_thai,cha_thai|kw03|baidu,cha_thai,0.7903
cha_thai_kw03_baidu_000005.jpg,cha_thai/cha_thai_kw03_baidu_000005.jpg,cha_thai,kw03,1,thai milk tea iced glass,en,baidu,web_scrape,,1500,1101,1.3624,RGB,False,False,,cha_thai,cha_thai|kw03|baidu,cha_thai,0.9485
cha_thai_kw03_baidu_000007.jpg,cha_thai/cha_thai_kw03_baidu_000007.jpg,cha_thai,kw03,1,thai milk tea iced glass,en,baidu,web_scrape,,1001,1600,0.6256,RGB,False,True,,cha_thai,cha_thai|kw03|baidu,cha_thai,0.9762
cha_thai_kw03_baidu_000010.jpg,cha_thai/cha_thai_kw03_baidu_000010.jpg,cha_thai,kw03,1,thai milk tea iced glass,en,baidu,web_scrape,,1500,1101,1.3624,RGB,False,False,,cha_thai,cha_thai|kw03|baidu,cha_thai,0.9069
cha_thai_kw03_baidu_000012.jpg,cha_thai/cha_thai_kw03_baidu_000012.jpg,cha_thai,kw03,1,thai milk tea iced glass,en,baidu,web_scrape,,1001,1600,0.6256,RGB,False,False,,cha_thai,cha_thai|kw03|baidu,cha_thai,0.9989
cha_thai_kw03_baidu_000013.jpg,cha_thai/cha_thai_kw03_baidu_000013.jpg,cha_thai,kw03,1,thai milk tea iced glass,en,baidu,web_scrape,,1500,1101,1.3624,RGB,False,True,,cha_thai,cha_thai|kw03|baidu,cha_thai,0.9303
cha_thai_kw03_baidu_000015.jpg,cha_thai/cha_thai_kw03_baidu_000015.jpg,cha_thai,kw03,1,thai milk tea iced glass,en,baidu,web_scrape,,1500,1101,1.3624,RGB,False,False,,cha_thai,cha_thai|kw03|baidu,cha_thai,0.9994
cha_thai_kw03_baidu_000024.jpg,cha_thai/cha_thai_kw03_baidu_000024.jpg,cha_thai,kw03,1,thai milk tea iced glass,en,baidu,web_scrape,,1001,1600,0.6256,RGB,False,True,,cha_thai,cha_thai|kw03|baidu,cha_thai,0.8709
cha_thai_kw03_baidu_000028.jpg,cha_thai/cha_thai_kw03_baidu_000028.jpg,cha_thai,kw03,1,thai milk tea iced glass,en,baidu,web_scrape,,1004,1600,0.6275,RGB,False,True,,cha_thai,cha_thai|kw03|baidu,cha_thai,0.9991
cha_thai_kw03_baidu_000031.jpg,cha_thai/cha_thai_kw03_baidu_000031.jpg,cha_thai,kw03,1,thai milk tea iced glass,en,baidu,web_scrape,,1001,1600,0.6256,RGB,False,True,,cha_thai,cha_thai|kw03|baidu,cha_thai,0.9806
cha_thai_kw03_baidu_000032.jpg,cha_thai/cha_thai_kw03_baidu_000032.jpg,cha_thai,kw03,1,thai milk tea iced glass,en,baidu,web_scrape,,1001,1600,0.6256,RGB,False,True,,cha_thai,cha_thai|kw03|baidu,cha_thai,0.9047
cha_thai_kw03_baidu_000033.jpg,cha_thai/cha_thai_kw03_baidu_000033.jpg,cha_thai,kw03,1,thai milk tea iced glass,en,baidu,web_scrape,,1500,1101,1.3624,RGB,False,False,,cha_thai,cha_thai|kw03|baidu,cha_nom_khai_muk,0.9817
cha_thai_kw03_baidu_000036.jpg,cha_thai/cha_thai_kw03_baidu_000036.jpg,cha_thai,kw03,1,thai milk tea iced glass,en,baidu,web_scrape,,905,1600,0.5656,RGB,False,True,,cha_thai,cha_thai|kw03|baidu,cha_thai,0.7645
cha_thai_kw03_baidu_000038.jpg,cha_thai/cha_thai_kw03_baidu_000038.jpg,cha_thai,kw03,1,thai milk tea iced glass,en,baidu,web_scrape,,1001,1600,0.6256,RGB,False,True,,cha_thai,cha_thai|kw03|baidu,cha_thai,0.9988
cha_thai_kw03_baidu_000039.jpg,cha_thai/cha_thai_kw03_baidu_000039.jpg,cha_thai,kw03,1,thai milk tea iced glass,en,baidu,web_scrape,,1500,1101,1.3624,RGB,False,False,,cha_thai,cha_thai|kw03|baidu,cha_thai,0.9765
cha_thai_kw03_baidu_000041.jpg,cha_thai/cha_thai_kw03_baidu_000041.jpg,cha_thai,kw03,1,thai milk tea iced glass,en,baidu,web_scrape,,1080,1440,0.75,RGB,False,False,,cha_thai,cha_thai|kw03|baidu,cha_thai,0.4407
cha_thai_kw04_baidu_000006.jpg,cha_thai/cha_thai_kw04_baidu_000006.jpg,cha_thai,kw04,1,thai tea orange drink cup,en,baidu,web_scrape,,845,1600,0.5281,RGB,False,False,,cha_thai,cha_thai|kw04|baidu,cha_thai,0.9983
cha_thai_kw04_baidu_000020.jpg,cha_thai/cha_thai_kw04_baidu_000020.jpg,cha_thai,kw04,1,thai tea orange drink cup,en,baidu,web_scrape,,1001,1600,0.6256,RGB,False,False,,cha_thai,cha_thai|kw04|baidu,cha_thai,0.9368
cha_thai_kw04_baidu_000024.jpg,cha_thai/cha_thai_kw04_baidu_000024.jpg,cha_thai,kw04,1,thai tea orange drink cup,en,baidu,web_scrape,,1125,1600,0.7031,RGB,False,True,,cha_thai,cha_thai|kw04|baidu,cha_thai,0.6521
cha_thai_kw04_baidu_000045.jpg,cha_thai/cha_thai_kw04_baidu_000045.jpg,cha_thai,kw04,1,thai tea orange drink cup,en,baidu,web_scrape,,1001,1600,0.6256,RGB,False,False,,cha_thai,cha_thai|kw04|baidu,cha_thai,0.9934
cha_thai_kw04_baidu_000047.jpg,cha_thai/cha_thai_kw04_baidu_000047.jpg,cha_thai,kw04,1,thai tea orange drink cup,en,baidu,web_scrape,,1001,1600,0.6256,RGB,False,False,,cha_thai,cha_thai|kw04|baidu,cha_thai,0.9986
cha_dam_yen_kw04_baidu_000008.jpg,cha_dam_yen/cha_dam_yen_kw04_baidu_000008.jpg,cha_dam_yen,kw04,1,iced black tea no milk cup,en,baidu,web_scrape,,1500,1101,1.3624,RGB,False,False,,cha_dam_yen,cha_dam_yen|kw04|baidu,cha_thai,0.979
cha_dam_yen_kw04_baidu_000013.jpg,cha_khiao_nom/cha_dam_yen_kw04_baidu_000013.jpg,cha_khiao_nom,kw04,1,iced black tea no milk cup,en,baidu,web_scrape,,1001,1600,0.6256,RGB,False,True,,cha_dam_yen,cha_dam_yen|kw04|baidu,cha_khiao_nom,0.9063
cha_dam_yen_kw04_baidu_000034.jpg,cha_dam_yen/cha_dam_yen_kw04_baidu_000034.jpg,cha_dam_yen,kw04,1,iced black tea no milk cup,en,baidu,web_scrape,,750,1000,0.75,RGB,False,False,,cha_dam_yen,cha_dam_yen|kw04|baidu,cha_dam_yen,0.5783
cha_dam_yen_kw04_baidu_000036.jpg,cha_dam_yen/cha_dam_yen_kw04_baidu_000036.jpg,cha_dam_yen,kw04,1,iced black tea no milk cup,en,baidu,web_scrape,,1500,1225,1.2245,RGB,False,False,,cha_dam_yen,cha_dam_yen|kw04|baidu,cha_dam_yen,0.4497
cha_dam_yen_kw04_baidu_000041.jpg,cha_khiao_nom/cha_dam_yen_kw04_baidu_000041.jpg,cha_khiao_nom,kw04,1,iced black tea no milk cup,en,baidu,web_scrape,,1001,1600,0.6256,RGB,False,True,,cha_dam_yen,cha_dam_yen|kw04|baidu,cha_thai,0.7159
cha_dam_yen_kw06_bing_000000.jpg,cha_dam_yen/cha_dam_yen_kw06_bing_000000.jpg,cha_dam_yen,kw06,2,ชาดำเย็น ร้านชาริมทาง,th,bing,web_scrape,,865,1920,0.4505,RGB,False,False,,cha_dam_yen,cha_dam_yen|kw06|bing,cha_dam_yen,0.9252
cha_dam_yen_kw06_bing_000019.jpg,cha_dam_yen/cha_dam_yen_kw06_bing_000019.jpg,cha_dam_yen,kw06,2,ชาดำเย็น ร้านชาริมทาง,th,bing,web_scrape,,1440,1920,0.75,RGB,False,False,,cha_dam_yen,cha_dam_yen|kw06|bing,cha_dam_yen,0.8442
cha_dam_yen_kw06_bing_000023.jpg,cha_thai/cha_dam_yen_kw06_bing_000023.jpg,cha_thai,kw06,2,ชาดำเย็น ร้านชาริมทาง,th,bing,web_scrape,,1440,1920,0.75,RGB,False,False,,cha_dam_yen,cha_dam_yen|kw06|bing,cha_thai,0.9952
cha_dam_yen_kw06_bing_000027.jpg,cha_dam_yen/cha_dam_yen_kw06_bing_000027.jpg,cha_dam_yen,kw06,2,ชาดำเย็น ร้านชาริมทาง,th,bing,web_scrape,,1108,1477,0.7502,RGB,False,False,,cha_dam_yen,cha_dam_yen|kw06|bing,cha_dam_yen,0.967
cha_dam_yen_kw06_bing_000076.jpg,cha_dam_yen/cha_dam_yen_kw06_bing_000076.jpg,cha_dam_yen,kw06,2,ชาดำเย็น ร้านชาริมทาง,th,bing,web_scrape,,512,512,1.0,RGB,False,True,,cha_dam_yen,cha_dam_yen|kw06|bing,cha_dam_yen,0.9525
cha_dam_yen_kw06_bing_000096.jpg,cha_thai/cha_dam_yen_kw06_bing_000096.jpg,cha_thai,kw06,2,ชาดำเย็น ร้านชาริมทาง,th,bing,web_scrape,,512,512,1.0,RGB,False,False,,cha_dam_yen,cha_dam_yen|kw06|bing,cha_thai,0.8087
cha_dam_yen_kw06_bing_000099.jpg,cha_khiao_nom/cha_dam_yen_kw06_bing_000099.jpg,cha_khiao_nom,kw06,2,ชาดำเย็น ร้านชาริมทาง,th,bing,web_scrape,,1425,1900,0.75,RGB,False,False,,cha_dam_yen,cha_dam_yen|kw06|bing,cha_khiao_nom,0.9772
cha_dam_yen_kw07_bing_000007.jpg,cha_dam_yen/cha_dam_yen_kw07_bing_000007.jpg,cha_dam_yen,kw07,2,ชาดำใส่น้ำแข็ง ชาดำหวาน,th,bing,web_scrape,,640,480,1.3333,RGB,False,False,,cha_dam_yen,cha_dam_yen|kw07|bing,cha_dam_yen,0.7659
cha_dam_yen_kw07_bing_000009.jpg,cha_dam_yen/cha_dam_yen_kw07_bing_000009.jpg,cha_dam_yen,kw07,2,ชาดำใส่น้ำแข็ง ชาดำหวาน,th,bing,web_scrape,,640,480,1.3333,RGB,False,False,,cha_dam_yen,cha_dam_yen|kw07|bing,cha_dam_yen,0.7057
cha_dam_yen_kw07_bing_000024.jpg,cha_dam_yen/cha_dam_yen_kw07_bing_000024.jpg,cha_dam_yen,kw07,2,ชาดำใส่น้ำแข็ง ชาดำหวาน,th,bing,web_scrape,,640,480,1.3333,RGB,False,False,,cha_dam_yen,cha_dam_yen|kw07|bing,cha_dam_yen,0.9811
cha_dam_yen_kw07_bing_000038.jpg,cha_dam_yen/cha_dam_yen_kw07_bing_000038.jpg,cha_dam_yen,kw07,2,ชาดำใส่น้ำแข็ง ชาดำหวาน,th,bing,web_scrape,,1440,1920,0.75,RGB,False,False,,cha_dam_yen,cha_dam_yen|kw07|bing,cha_dam_yen,0.5193
cha_dam_yen_kw07_bing_000045.webp,cha_nom_khai_muk/cha_dam_yen_kw07_bing_000045.webp,cha_nom_khai_muk,kw07,2,ชาดำใส่น้ำแข็ง ชาดำหวาน,th,bing,web_scrape,,1200,1800,0.6667,RGB,False,False,,cha_dam_yen,cha_dam_yen|kw07|bing,cha_nom_khai_muk,0.9998
cha_dam_yen_kw07_bing_000060.jpg,cha_dam_yen/cha_dam_yen_kw07_bing_000060.jpg,cha_dam_yen,kw07,2,ชาดำใส่น้ำแข็ง ชาดำหวาน,th,bing,web_scrape,,1024,1024,1.0,RGB,False,False,,cha_dam_yen,cha_dam_yen|kw07|bing,cha_dam_yen,0.9867
cha_dam_yen_kw07_bing_000093.webp,cha_nom_khai_muk/cha_dam_yen_kw07_bing_000093.webp,cha_nom_khai_muk,kw07,2,ชาดำใส่น้ำแข็ง ชาดำหวาน,th,bing,web_scrape,,1200,628,1.9108,RGB,False,False,,cha_dam_yen,cha_dam_yen|kw07|bing,cha_nom_khai_muk,0.9702
cha_khiao_nom_kw00_bing_000000.jpg,cha_khiao_nom/cha_khiao_nom_kw00_bing_000000.jpg,cha_khiao_nom,kw00,1,ชาเขียวนมเย็น แก้ว,th,bing,web_scrape,,639,960,0.6656,RGB,False,False,,cha_khiao_nom,cha_khiao_nom|kw00|bing,cha_thai,0.9615
cha_khiao_nom_kw00_bing_000001.jpg,cha_khiao_nom/cha_khiao_nom_kw00_bing_000001.jpg,cha_khiao_nom,kw00,1,ชาเขียวนมเย็น แก้ว,th,bing,web_scrape,,728,538,1.3532,RGB,False,False,,cha_khiao_nom,cha_khiao_nom|kw00|bing,cha_khiao_nom,0.9929
cha_khiao_nom_kw00_bing_000001.png,cha_khiao_nom/cha_khiao_nom_kw00_bing_000001.png,cha_khiao_nom,kw00,1,ชาเขียวนมเย็น แก้ว,th,bing,web_scrape,,1200,1813,0.6619,RGB,False,False,,cha_khiao_nom,cha_khiao_nom|kw00|bing,cha_khiao_nom,0.9524
cha_khiao_nom_kw00_bing_000002.jpg,cha_khiao_nom/cha_khiao_nom_kw00_bing_000002.jpg,cha_khiao_nom,kw00,1,ชาเขียวนมเย็น แก้ว,th,bing,web_scrape,,728,460,1.5826,RGB,False,False,,cha_khiao_nom,cha_khiao_nom|kw00|bing,cha_khiao_nom,0.8673
cha_khiao_nom_kw00_bing_000004.jpg,cha_khiao_nom/cha_khiao_nom_kw00_bing_000004.jpg,cha_khiao_nom,kw00,1,ชาเขียวนมเย็น แก้ว,th,bing,web_scrape,,1067,1600,0.6669,RGB,False,False,,cha_khiao_nom,cha_khiao_nom|kw00|bing,cha_khiao_nom,0.4586
cha_khiao_nom_kw00_bing_000005.jpg,cha_khiao_nom/cha_khiao_nom_kw00_bing_000005.jpg,cha_khiao_nom,kw00,1,ชาเขียวนมเย็น แก้ว,th,bing,web_scrape,,960,1280,0.75,RGB,False,False,,cha_khiao_nom,cha_khiao_nom|kw00|bing,cha_khiao_nom,0.96
cha_khiao_nom_kw00_bing_000007.webp,cha_khiao_nom/cha_khiao_nom_kw00_bing_000007.webp,cha_khiao_nom,kw00,1,ชาเขียวนมเย็น แก้ว,th,bing,web_scrape,,1660,2214,0.7498,RGB,False,True,,cha_khiao_nom,cha_khiao_nom|kw00|bing,cha_khiao_nom,0.9894
cha_khiao_nom_kw00_bing_000015.jpg,cha_khiao_nom/cha_khiao_nom_kw00_bing_000015.jpg,cha_khiao_nom,kw00,1,ชาเขียวนมเย็น แก้ว,th,bing,web_scrape,,1040,1040,1.0,RGB,False,True,,cha_khiao_nom,cha_khiao_nom|kw00|bing,cha_khiao_nom,0.9517
cha_khiao_nom_kw00_bing_000023.jpg,cha_khiao_nom/cha_khiao_nom_kw00_bing_000023.jpg,cha_khiao_nom,kw00,1,ชาเขียวนมเย็น แก้ว,th,bing,web_scrape,,600,900,0.6667,RGB,False,False,,cha_khiao_nom,cha_khiao_nom|kw00|bing,cha_khiao_nom,0.9893
cha_khiao_nom_kw00_bing_000027.jpg,cha_khiao_nom/cha_khiao_nom_kw00_bing_000027.jpg,cha_khiao_nom,kw00,1,ชาเขียวนมเย็น แก้ว,th,bing,web_scrape,,736,921,0.7991,RGB,False,False,,cha_khiao_nom,cha_khiao_nom|kw00|bing,cha_khiao_nom,0.9365
cha_khiao_nom_kw00_bing_000029.jpg,cha_khiao_nom/cha_khiao_nom_kw00_bing_000029.jpg,cha_khiao_nom,kw00,1,ชาเขียวนมเย็น แก้ว,th,bing,web_scrape,,1080,1130,0.9558,RGB,False,False,,cha_khiao_nom,cha_khiao_nom|kw00|bing,cha_thai,0.6016
cha_khiao_nom_kw00_bing_000031.jpg,cha_khiao_nom/cha_khiao_nom_kw00_bing_000031.jpg,cha_khiao_nom,kw00,1,ชาเขียวนมเย็น แก้ว,th,bing,web_scrape,,400,533,0.7505,RGB,False,False,,cha_khiao_nom,cha_khiao_nom|kw00|bing,cha_khiao_nom,0.9838
cha_khiao_nom_kw00_bing_000035.jpg,cha_khiao_nom/cha_khiao_nom_kw00_bing_000035.jpg,cha_khiao_nom,kw00,1,ชาเขียวนมเย็น แก้ว,th,bing,web_scrape,,600,600,1.0,RGB,False,True,,cha_khiao_nom,cha_khiao_nom|kw00|bing,cha_khiao_nom,0.8966
cha_khiao_nom_kw00_bing_000039.jpg,cha_khiao_nom/cha_khiao_nom_kw00_bing_000039.jpg,cha_khiao_nom,kw00,1,ชาเขียวนมเย็น แก้ว,th,bing,web_scrape,,752,423,1.7778,RGB,False,False,,cha_khiao_nom,cha_khiao_nom|kw00|bing,cha_thai,0.6907
cha_khiao_nom_kw00_bing_000052.jpg,cha_khiao_nom/cha_khiao_nom_kw00_bing_000052.jpg,cha_khiao_nom,kw00,1,ชาเขียวนมเย็น แก้ว,th,bing,web_scrape,,1200,1600,0.75,RGB,False,False,,cha_khiao_nom,cha_khiao_nom|kw00|bing,cha_dam_yen,0.7153
cha_khiao_nom_kw00_bing_000056.jpg,cha_khiao_nom/cha_khiao_nom_kw00_bing_000056.jpg,cha_khiao_nom,kw00,1,ชาเขียวนมเย็น แก้ว,th,bing,web_scrape,,350,466,0.7511,RGB,False,False,,cha_khiao_nom,cha_khiao_nom|kw00|bing,cha_khiao_nom,0.6171
cha_khiao_nom_kw00_bing_000060.jpg,cha_thai/cha_khiao_nom_kw00_bing_000060.jpg,cha_thai,kw00,1,ชาเขียวนมเย็น แก้ว,th,bing,web_scrape,,736,980,0.751,RGB,False,False,,cha_khiao_nom,cha_khiao_nom|kw00|bing,cha_thai,0.9778
cha_khiao_nom_kw00_bing_000070.jpg,cha_khiao_nom/cha_khiao_nom_kw00_bing_000070.jpg,cha_khiao_nom,kw00,1,ชาเขียวนมเย็น แก้ว,th,bing,web_scrape,,1024,1024,1.0,RGB,False,False,,cha_khiao_nom,cha_khiao_nom|kw00|bing,cha_khiao_nom,0.5152
cha_khiao_nom_kw00_bing_000085.jpg,cha_nom_khai_muk/cha_khiao_nom_kw00_bing_000085.jpg,cha_nom_khai_muk,kw00,1,ชาเขียวนมเย็น แก้ว,th,bing,web_scrape,,1248,1872,0.6667,RGB,False,True,,cha_khiao_nom,cha_khiao_nom|kw00|bing,cha_nom_khai_muk,0.9902
cha_khiao_nom_kw00_bing_000095.jpg,cha_nom_khai_muk/cha_khiao_nom_kw00_bing_000095.jpg,cha_nom_khai_muk,kw00,1,ชาเขียวนมเย็น แก้ว,th,bing,web_scrape,,1600,1067,1.4995,RGB,False,True,,cha_khiao_nom,cha_khiao_nom|kw00|bing,cha_nom_khai_muk,1.0
cha_khiao_nom_kw00_bing_000097.jpg,cha_nom_khai_muk/cha_khiao_nom_kw00_bing_000097.jpg,cha_nom_khai_muk,kw00,1,ชาเขียวนมเย็น แก้ว,th,bing,web_scrape,,1108,1477,0.7502,RGB,False,True,,cha_khiao_nom,cha_khiao_nom|kw00|bing,cha_nom_khai_muk,0.9994
cha_khiao_nom_kw01_bing_000001.jpg,cha_khiao_nom/cha_khiao_nom_kw01_bing_000001.jpg,cha_khiao_nom,kw01,1,ชาเขียวนม ร้านชา,th,bing,web_scrape,,1706,1706,1.0,RGB,False,False,,cha_khiao_nom,cha_khiao_nom|kw01|bing,cha_thai,0.5586
cha_khiao_nom_kw01_bing_000004.jpg,cha_khiao_nom/cha_khiao_nom_kw01_bing_000004.jpg,cha_khiao_nom,kw01,1,ชาเขียวนม ร้านชา,th,bing,web_scrape,,736,981,0.7503,RGB,False,False,,cha_khiao_nom,cha_khiao_nom|kw01|bing,cha_khiao_nom,0.9907
cha_khiao_nom_kw01_bing_000010.jpg,cha_khiao_nom/cha_khiao_nom_kw01_bing_000010.jpg,cha_khiao_nom,kw01,1,ชาเขียวนม ร้านชา,th,bing,web_scrape,,1024,1024,1.0,RGB,False,False,,cha_khiao_nom,cha_khiao_nom|kw01|bing,cha_khiao_nom,0.9595
cha_khiao_nom_kw01_bing_000017.jpg,cha_khiao_nom/cha_khiao_nom_kw01_bing_000017.jpg,cha_khiao_nom,kw01,1,ชาเขียวนม ร้านชา,th,bing,web_scrape,,1024,1024,1.0,RGB,False,False,,cha_khiao_nom,cha_khiao_nom|kw01|bing,cha_khiao_nom,0.885
cha_khiao_nom_kw01_bing_000024.jpg,cha_nom_khai_muk/cha_khiao_nom_kw01_bing_000024.jpg,cha_nom_khai_muk,kw01,1,ชาเขียวนม ร้านชา,th,bing,web_scrape,,800,800,1.0,RGB,False,False,,cha_khiao_nom,cha_khiao_nom|kw01|bing,cha_nom_khai_muk,0.9985
cha_khiao_nom_kw01_bing_000027.jpg,cha_khiao_nom/cha_khiao_nom_kw01_bing_000027.jpg,cha_khiao_nom,kw01,1,ชาเขียวนม ร้านชา,th,bing,web_scrape,,736,981,0.7503,RGB,False,False,,cha_khiao_nom,cha_khiao_nom|kw01|bing,cha_khiao_nom,0.6416
cha_khiao_nom_kw01_bing_000040.jpg,cha_nom_khai_muk/cha_khiao_nom_kw01_bing_000040.jpg,cha_nom_khai_muk,kw01,1,ชาเขียวนม ร้านชา,th,bing,web_scrape,,580,705,0.8227,RGB,False,True,,cha_khiao_nom,cha_khiao_nom|kw01|bing,cha_nom_khai_muk,0.9998
cha_khiao_nom_kw01_bing_000048.jpg,cha_khiao_nom/cha_khiao_nom_kw01_bing_000048.jpg,cha_khiao_nom,kw01,1,ชาเขียวนม ร้านชา,th,bing,web_scrape,,877,1900,0.4616,RGB,False,False,,cha_khiao_nom,cha_khiao_nom|kw01|bing,cha_khiao_nom,0.9586
cha_khiao_nom_kw01_bing_000059.webp,cha_nom_khai_muk/cha_khiao_nom_kw01_bing_000059.webp,cha_nom_khai_muk,kw01,1,ชาเขียวนม ร้านชา,th,bing,web_scrape,,690,1024,0.6738,RGB,False,True,,cha_khiao_nom,cha_khiao_nom|kw01|bing,cha_nom_khai_muk,0.8876
cha_khiao_nom_kw01_bing_000079.jpg,cha_khiao_nom/cha_khiao_nom_kw01_bing_000079.jpg,cha_khiao_nom,kw01,1,ชาเขียวนม ร้านชา,th,bing,web_scrape,,1108,1478,0.7497,RGB,False,False,,cha_khiao_nom,cha_khiao_nom|kw01|bing,cha_dam_yen,0.8032
cha_nom_khai_muk_kw02_bing_000013.jpg,cha_nom_khai_muk/cha_nom_khai_muk_kw02_bing_000013.jpg,cha_nom_khai_muk,kw02,1,ชานมไข่มุกร้านดัง,th,bing,web_scrape,,1600,900,1.7778,RGB,False,False,,cha_nom_khai_muk,cha_nom_khai_muk|kw02|bing,cha_nom_khai_muk,0.9992
cha_nom_khai_muk_kw02_bing_000016.jpg,cha_nom_khai_muk/cha_nom_khai_muk_kw02_bing_000016.jpg,cha_nom_khai_muk,kw02,1,ชานมไข่มุกร้านดัง,th,bing,web_scrape,,1500,1000,1.5,RGB,False,False,,cha_nom_khai_muk,cha_nom_khai_muk|kw02|bing,cha_nom_khai_muk,0.9833
cha_nom_khai_muk_kw02_bing_000020.webp,cha_nom_khai_muk/cha_nom_khai_muk_kw02_bing_000020.webp,cha_nom_khai_muk,kw02,1,ชานมไข่มุกร้านดัง,th,bing,web_scrape,,1712,1712,1.0,RGB,False,False,,cha_nom_khai_muk,cha_nom_khai_muk|kw02|bing,cha_nom_khai_muk,0.9453
cha_nom_khai_muk_kw02_bing_000021.webp,cha_nom_khai_muk/cha_nom_khai_muk_kw02_bing_000021.webp,cha_nom_khai_muk,kw02,1,ชานมไข่มุกร้านดัง,th,bing,web_scrape,,1712,1712,1.0,RGB,False,False,,cha_nom_khai_muk,cha_nom_khai_muk|kw02|bing,cha_nom_khai_muk,0.997
cha_nom_khai_muk_kw02_bing_000029.jpg,cha_nom_khai_muk/cha_nom_khai_muk_kw02_bing_000029.jpg,cha_nom_khai_muk,kw02,1,ชานมไข่มุกร้านดัง,th,bing,web_scrape,,3764,5647,0.6665,RGB,False,False,,cha_nom_khai_muk,cha_nom_khai_muk|kw02|bing,cha_nom_khai_muk,0.9999
cha_nom_khai_muk_kw02_bing_000032.jpg,cha_nom_khai_muk/cha_nom_khai_muk_kw02_bing_000032.jpg,cha_nom_khai_muk,kw02,1,ชานมไข่มุกร้านดัง,th,bing,web_scrape,,1900,1266,1.5008,RGB,False,False,,cha_nom_khai_muk,cha_nom_khai_muk|kw02|bing,cha_nom_khai_muk,0.9794
cha_nom_khai_muk_kw02_bing_000041.jpg,cha_nom_khai_muk/cha_nom_khai_muk_kw02_bing_000041.jpg,cha_nom_khai_muk,kw02,1,ชานมไข่มุกร้านดัง,th,bing,web_scrape,,800,1200,0.6667,RGB,False,False,,cha_nom_khai_muk,cha_nom_khai_muk|kw02|bing,cha_thai,0.4631
cha_nom_khai_muk_kw02_bing_000054.jpg,cha_nom_khai_muk/cha_nom_khai_muk_kw02_bing_000054.jpg,cha_nom_khai_muk,kw02,1,ชานมไข่มุกร้านดัง,th,bing,web_scrape,,512,512,1.0,RGB,False,False,,cha_nom_khai_muk,cha_nom_khai_muk|kw02|bing,cha_nom_khai_muk,0.9999
cha_nom_khai_muk_kw02_bing_000062.jpg,cha_nom_khai_muk/cha_nom_khai_muk_kw02_bing_000062.jpg,cha_nom_khai_muk,kw02,1,ชานมไข่มุกร้านดัง,th,bing,web_scrape,,1920,1080,1.7778,RGB,False,False,,cha_nom_khai_muk,cha_nom_khai_muk|kw02|bing,cha_dam_yen,0.4963
cha_nom_khai_muk_kw02_bing_000063.png,cha_nom_khai_muk/cha_nom_khai_muk_kw02_bing_000063.png,cha_nom_khai_muk,kw02,1,ชานมไข่มุกร้านดัง,th,bing,web_scrape,,1024,536,1.9104,RGBA,False,False,,cha_nom_khai_muk,cha_nom_khai_muk|kw02|bing,cha_nom_khai_muk,0.9999
cha_nom_khai_muk_kw02_bing_000067.jpg,cha_nom_khai_muk/cha_nom_khai_muk_kw02_bing_000067.jpg,cha_nom_khai_muk,kw02,1,ชานมไข่มุกร้านดัง,th,bing,web_scrape,,1920,1280,1.5,RGB,False,False,,cha_nom_khai_muk,cha_nom_khai_muk|kw02|bing,cha_nom_khai_muk,1.0
cha_nom_khai_muk_kw02_bing_000068.jpg,cha_nom_khai_muk/cha_nom_khai_muk_kw02_bing_000068.jpg,cha_nom_khai_muk,kw02,1,ชานมไข่มุกร้านดัง,th,bing,web_scrape,,512,512,1.0,RGB,False,False,,cha_nom_khai_muk,cha_nom_khai_muk|kw02|bing,cha_nom_khai_muk,0.9285
cha_nom_khai_muk_kw02_bing_000076.jpg,cha_nom_khai_muk/cha_nom_khai_muk_kw02_bing_000076.jpg,cha_nom_khai_muk,kw02,1,ชานมไข่มุกร้านดัง,th,bing,web_scrape,,1108,1477,0.7502,RGB,False,False,,cha_nom_khai_muk,cha_nom_khai_muk|kw02|bing,cha_nom_khai_muk,0.9934
cha_nom_khai_muk_kw02_bing_000081.webp,cha_nom_khai_muk/cha_nom_khai_muk_kw02_bing_000081.webp,cha_nom_khai_muk,kw02,1,ชานมไข่มุกร้านดัง,th,bing,web_scrape,,768,1024,0.75,RGB,False,False,,cha_nom_khai_muk,cha_nom_khai_muk|kw02|bing,cha_nom_khai_muk,0.9791
cha_nom_khai_muk_kw02_bing_000084.jpg,cha_nom_khai_muk/cha_nom_khai_muk_kw02_bing_000084.jpg,cha_nom_khai_muk,kw02,1,ชานมไข่มุกร้านดัง,th,bing,web_scrape,,916,516,1.7752,RGB,False,False,,cha_nom_khai_muk,cha_nom_khai_muk|kw02|bing,cha_nom_khai_muk,0.9734
cha_nom_khai_muk_kw02_bing_000092.jpg,cha_nom_khai_muk/cha_nom_khai_muk_kw02_bing_000092.jpg,cha_nom_khai_muk,kw02,1,ชานมไข่มุกร้านดัง,th,bing,web_scrape,,847,960,0.8823,RGB,False,False,,cha_nom_khai_muk,cha_nom_khai_muk|kw02|bing,cha_nom_khai_muk,1.0
cha_nom_khai_muk_kw06_bing_000007.jpg,cha_nom_khai_muk/cha_nom_khai_muk_kw06_bing_000007.jpg,cha_nom_khai_muk,kw06,2,ชานมไข่มุก ร้านชาริมทาง,th,bing,web_scrape,,768,1024,0.75,RGB,False,False,,cha_nom_khai_muk,cha_nom_khai_muk|kw06|bing,cha_nom_khai_muk,0.994
cha_nom_khai_muk_kw06_bing_000018.jpg,cha_nom_khai_muk/cha_nom_khai_muk_kw06_bing_000018.jpg,cha_nom_khai_muk,kw06,2,ชานมไข่มุก ร้านชาริมทาง,th,bing,web_scrape,,512,512,1.0,RGB,False,False,,cha_nom_khai_muk,cha_nom_khai_muk|kw06|bing,cha_nom_khai_muk,0.9999
cha_nom_khai_muk_kw06_bing_000029.jpg,cha_dam_yen/cha_nom_khai_muk_kw06_bing_000029.jpg,cha_dam_yen,kw06,2,ชานมไข่มุก ร้านชาริมทาง,th,bing,web_scrape,,1440,1920,0.75,RGB,False,False,,cha_nom_khai_muk,cha_nom_khai_muk|kw06|bing,cha_dam_yen,0.8163
cha_nom_khai_muk_kw06_bing_000033.jpg,cha_nom_khai_muk/cha_nom_khai_muk_kw06_bing_000033.jpg,cha_nom_khai_muk,kw06,2,ชานมไข่มุก ร้านชาริมทาง,th,bing,web_scrape,,800,800,1.0,RGB,False,False,,cha_nom_khai_muk,cha_nom_khai_muk|kw06|bing,cha_thai,0.4517
cha_nom_khai_muk_kw06_bing_000034.jpg,cha_nom_khai_muk/cha_nom_khai_muk_kw06_bing_000034.jpg,cha_nom_khai_muk,kw06,2,ชานมไข่มุก ร้านชาริมทาง,th,bing,web_scrape,,800,1067,0.7498,RGB,False,False,,cha_nom_khai_muk,cha_nom_khai_muk|kw06|bing,cha_nom_khai_muk,0.9978
cha_nom_khai_muk_kw06_bing_000060.jpg,cha_nom_khai_muk/cha_nom_khai_muk_kw06_bing_000060.jpg,cha_nom_khai_muk,kw06,2,ชานมไข่มุก ร้านชาริมทาง,th,bing,web_scrape,,465,620,0.75,RGB,False,False,,cha_nom_khai_muk,cha_nom_khai_muk|kw06|bing,cha_nom_khai_muk,0.9443
cha_nom_khai_muk_kw06_bing_000095.jpg,cha_nom_khai_muk/cha_nom_khai_muk_kw06_bing_000095.jpg,cha_nom_khai_muk,kw06,2,ชานมไข่มุก ร้านชาริมทาง,th,bing,web_scrape,,1920,1080,1.7778,RGB,False,False,,cha_nom_khai_muk,cha_nom_khai_muk|kw06|bing,cha_thai,0.4953
cha_nom_khai_muk_kw07_bing_000000.jpg,cha_nom_khai_muk/cha_nom_khai_muk_kw07_bing_000000.jpg,cha_nom_khai_muk,kw07,2,ชานมไต้หวัน ไข่มุก เย็น,th,bing,web_scrape,,1200,675,1.7778,RGB,False,False,,cha_nom_khai_muk,cha_nom_khai_muk|kw07|bing,cha_nom_khai_muk,0.9996
cha_nom_khai_muk_kw07_bing_000001.jpg,cha_nom_khai_muk/cha_nom_khai_muk_kw07_bing_000001.jpg,cha_nom_khai_muk,kw07,2,ชานมไต้หวัน ไข่มุก เย็น,th,bing,web_scrape,,1280,1280,1.0,RGB,False,False,,cha_nom_khai_muk,cha_nom_khai_muk|kw07|bing,cha_nom_khai_muk,0.9658
cha_nom_khai_muk_kw07_bing_000008.jpg,cha_nom_khai_muk/cha_nom_khai_muk_kw07_bing_000008.jpg,cha_nom_khai_muk,kw07,2,ชานมไต้หวัน ไข่มุก เย็น,th,bing,web_scrape,,1656,2208,0.75,RGB,False,False,,cha_nom_khai_muk,cha_nom_khai_muk|kw07|bing,cha_nom_khai_muk,0.9963
cha_nom_khai_muk_kw07_bing_000018.jpg,cha_nom_khai_muk/cha_nom_khai_muk_kw07_bing_000018.jpg,cha_nom_khai_muk,kw07,2,ชานมไต้หวัน ไข่มุก เย็น,th,bing,web_scrape,,762,1024,0.7441,RGB,False,False,,cha_nom_khai_muk,cha_nom_khai_muk|kw07|bing,cha_nom_khai_muk,0.7538
cha_nom_khai_muk_kw07_bing_000022.jpg,cha_nom_khai_muk/cha_nom_khai_muk_kw07_bing_000022.jpg,cha_nom_khai_muk,kw07,2,ชานมไต้หวัน ไข่มุก เย็น,th,bing,web_scrape,,960,960,1.0,RGB,False,False,,cha_nom_khai_muk,cha_nom_khai_muk|kw07|bing,cha_nom_khai_muk,0.9921
cha_nom_khai_muk_kw07_bing_000024.jpg,cha_nom_khai_muk/cha_nom_khai_muk_kw07_bing_000024.jpg,cha_nom_khai_muk,kw07,2,ชานมไต้หวัน ไข่มุก เย็น,th,bing,web_scrape,,960,960,1.0,RGB,False,False,,cha_nom_khai_muk,cha_nom_khai_muk|kw07|bing,cha_nom_khai_muk,0.9984
cha_nom_khai_muk_kw07_bing_000030.webp,cha_nom_khai_muk/cha_nom_khai_muk_kw07_bing_000030.webp,cha_nom_khai_muk,kw07,2,ชานมไต้หวัน ไข่มุก เย็น,th,bing,web_scrape,,1024,1024,1.0,RGB,False,False,,cha_nom_khai_muk,cha_nom_khai_muk|kw07|bing,cha_nom_khai_muk,0.9995
cha_nom_khai_muk_kw07_bing_000033.png,cha_nom_khai_muk/cha_nom_khai_muk_kw07_bing_000033.png,cha_nom_khai_muk,kw07,2,ชานมไต้หวัน ไข่มุก เย็น,th,bing,web_scrape,,960,960,1.0,RGBA,False,False,,cha_nom_khai_muk,cha_nom_khai_muk|kw07|bing,cha_nom_khai_muk,0.9795
cha_nom_khai_muk_kw07_bing_000050.jpg,cha_nom_khai_muk/cha_nom_khai_muk_kw07_bing_000050.jpg,cha_nom_khai_muk,kw07,2,ชานมไต้หวัน ไข่มุก เย็น,th,bing,web_scrape,,3502,2561,1.3674,RGB,False,False,,cha_nom_khai_muk,cha_nom_khai_muk|kw07|bing,cha_nom_khai_muk,0.9997
cha_nom_khai_muk_kw07_bing_000063.webp,cha_nom_khai_muk/cha_nom_khai_muk_kw07_bing_000063.webp,cha_nom_khai_muk,kw07,2,ชานมไต้หวัน ไข่มุก เย็น,th,bing,web_scrape,,1000,1337,0.7479,RGB,False,False,,cha_nom_khai_muk,cha_nom_khai_muk|kw07|bing,cha_nom_khai_muk,0.9985
cha_nom_khai_muk_kw07_bing_000069.jpg,cha_nom_khai_muk/cha_nom_khai_muk_kw07_bing_000069.jpg,cha_nom_khai_muk,kw07,2,ชานมไต้หวัน ไข่มุก เย็น,th,bing,web_scrape,,500,751,0.6658,RGB,False,False,,cha_nom_khai_muk,cha_nom_khai_muk|kw07|bing,cha_nom_khai_muk,0.9927
cha_nom_khai_muk_kw07_bing_000082.jpg,cha_nom_khai_muk/cha_nom_khai_muk_kw07_bing_000082.jpg,cha_nom_khai_muk,kw07,2,ชานมไต้หวัน ไข่มุก เย็น,th,bing,web_scrape,,1920,1079,1.7794,RGB,False,False,,cha_nom_khai_muk,cha_nom_khai_muk|kw07|bing,cha_nom_khai_muk,1.0
cha_phonlamai_kw03_bing_000000.webp,cha_phonlamai/cha_phonlamai_kw03_bing_000000.webp,cha_phonlamai,kw03,1,fruit tea iced cup slices,en,bing,web_scrape,,1024,1024,1.0,RGB,False,False,,cha_phonlamai,cha_phonlamai|kw03|bing,cha_phonlamai,0.9338
cha_phonlamai_kw03_bing_000003.jpg,cha_phonlamai/cha_phonlamai_kw03_bing_000003.jpg,cha_phonlamai,kw03,1,fruit tea iced cup slices,en,bing,web_scrape,,2940,1960,1.5,RGB,False,False,,cha_phonlamai,cha_phonlamai|kw03|bing,cha_thai,0.9907
cha_phonlamai_kw03_bing_000004.webp,cha_phonlamai/cha_phonlamai_kw03_bing_000004.webp,cha_phonlamai,kw03,1,fruit tea iced cup slices,en,bing,web_scrape,,1200,1200,1.0,RGB,False,False,,cha_phonlamai,cha_phonlamai|kw03|bing,cha_phonlamai,0.9997
cha_phonlamai_kw03_bing_000005.jpg,cha_phonlamai/cha_phonlamai_kw03_bing_000005.jpg,cha_phonlamai,kw03,1,fruit tea iced cup slices,en,bing,web_scrape,,1200,1200,1.0,RGB,False,False,,cha_phonlamai,cha_phonlamai|kw03|bing,cha_phonlamai,0.999
cha_phonlamai_kw03_bing_000009.jpg,cha_phonlamai/cha_phonlamai_kw03_bing_000009.jpg,cha_phonlamai,kw03,1,fruit tea iced cup slices,en,bing,web_scrape,,1080,675,1.6,RGB,False,False,,cha_phonlamai,cha_phonlamai|kw03|bing,cha_phonlamai,0.9984
cha_phonlamai_kw03_bing_000014.jpg,cha_phonlamai/cha_phonlamai_kw03_bing_000014.jpg,cha_phonlamai,kw03,1,fruit tea iced cup slices,en,bing,web_scrape,,626,417,1.5012,RGB,False,False,,cha_phonlamai,cha_phonlamai|kw03|bing,cha_phonlamai,0.9972
cha_phonlamai_kw03_bing_000018.webp,cha_phonlamai/cha_phonlamai_kw03_bing_000018.webp,cha_phonlamai,kw03,1,fruit tea iced cup slices,en,bing,web_scrape,,896,1344,0.6667,RGB,False,False,,cha_phonlamai,cha_phonlamai|kw03|bing,cha_phonlamai,0.9986
cha_phonlamai_kw03_bing_000020.jpg,cha_phonlamai/cha_phonlamai_kw03_bing_000020.jpg,cha_phonlamai,kw03,1,fruit tea iced cup slices,en,bing,web_scrape,,768,431,1.7819,RGB,False,False,,cha_phonlamai,cha_phonlamai|kw03|bing,cha_phonlamai,0.975
cha_phonlamai_kw03_bing_000021.webp,cha_phonlamai/cha_phonlamai_kw03_bing_000021.webp,cha_phonlamai,kw03,1,fruit tea iced cup slices,en,bing,web_scrape,,1200,1200,1.0,RGB,False,False,,cha_phonlamai,cha_phonlamai|kw03|bing,cha_phonlamai,1.0
cha_phonlamai_kw03_bing_000022.jpg,cha_phonlamai/cha_phonlamai_kw03_bing_000022.jpg,cha_phonlamai,kw03,1,fruit tea iced cup slices,en,bing,web_scrape,,1300,1390,0.9353,RGB,False,False,,cha_phonlamai,cha_phonlamai|kw03|bing,cha_dam_yen,0.7922
cha_phonlamai_kw03_bing_000024.jpg,cha_phonlamai/cha_phonlamai_kw03_bing_000024.jpg,cha_phonlamai,kw03,1,fruit tea iced cup slices,en,bing,web_scrape,,1300,1390,0.9353,RGB,False,False,,cha_phonlamai,cha_phonlamai|kw03|bing,cha_phonlamai,0.8868
cha_phonlamai_kw03_bing_000026.jpg,cha_phonlamai/cha_phonlamai_kw03_bing_000026.jpg,cha_phonlamai,kw03,1,fruit tea iced cup slices,en,bing,web_scrape,,800,363,2.2039,RGB,False,False,,cha_phonlamai,cha_phonlamai|kw03|bing,cha_phonlamai,0.9854
cha_phonlamai_kw03_bing_000027.jpg,cha_phonlamai/cha_phonlamai_kw03_bing_000027.jpg,cha_phonlamai,kw03,1,fruit tea iced cup slices,en,bing,web_scrape,,1280,959,1.3347,RGB,False,False,,cha_phonlamai,cha_phonlamai|kw03|bing,cha_phonlamai,0.9943
cha_phonlamai_kw03_bing_000028.jpg,cha_phonlamai/cha_phonlamai_kw03_bing_000028.jpg,cha_phonlamai,kw03,1,fruit tea iced cup slices,en,bing,web_scrape,,800,454,1.7621,RGB,False,False,,cha_phonlamai,cha_phonlamai|kw03|bing,cha_phonlamai,0.9118
cha_phonlamai_kw03_bing_000032.jpg,cha_phonlamai/cha_phonlamai_kw03_bing_000032.jpg,cha_phonlamai,kw03,1,fruit tea iced cup slices,en,bing,web_scrape,,1500,1001,1.4985,RGB,False,False,,cha_phonlamai,cha_phonlamai|kw03|bing,cha_phonlamai,0.9992
cha_phonlamai_kw03_bing_000033.jpg,cha_phonlamai/cha_phonlamai_kw03_bing_000033.jpg,cha_phonlamai,kw03,1,fruit tea iced cup slices,en,bing,web_scrape,,1336,1958,0.6823,RGB,False,False,,cha_phonlamai,cha_phonlamai|kw03|bing,cha_phonlamai,0.667
cha_phonlamai_kw03_bing_000034.jpg,cha_phonlamai/cha_phonlamai_kw03_bing_000034.jpg,cha_phonlamai,kw03,1,fruit tea iced cup slices,en,bing,web_scrape,,1300,1390,0.9353,RGB,False,False,,cha_phonlamai,cha_phonlamai|kw03|bing,cha_dam_yen,0.9852
cha_phonlamai_kw03_bing_000036.jpg,cha_phonlamai/cha_phonlamai_kw03_bing_000036.jpg,cha_phonlamai,kw03,1,fruit tea iced cup slices,en,bing,web_scrape,,1296,864,1.5,RGB,False,False,,cha_phonlamai,cha_phonlamai|kw03|bing,cha_phonlamai,0.8676
cha_phonlamai_kw03_bing_000037.jpg,cha_phonlamai/cha_phonlamai_kw03_bing_000037.jpg,cha_phonlamai,kw03,1,fruit tea iced cup slices,en,bing,web_scrape,,992,661,1.5008,RGB,False,False,,cha_phonlamai,cha_phonlamai|kw03|bing,cha_phonlamai,1.0
cha_phonlamai_kw03_bing_000038.jpg,cha_phonlamai/cha_phonlamai_kw03_bing_000038.jpg,cha_phonlamai,kw03,1,fruit tea iced cup slices,en,bing,web_scrape,,626,626,1.0,RGB,False,False,,cha_phonlamai,cha_phonlamai|kw03|bing,cha_dam_yen,0.6266
cha_phonlamai_kw03_bing_000040.jpg,cha_phonlamai/cha_phonlamai_kw03_bing_000040.jpg,cha_phonlamai,kw03,1,fruit tea iced cup slices,en,bing,web_scrape,,866,1390,0.623,RGB,False,False,,cha_phonlamai,cha_phonlamai|kw03|bing,cha_phonlamai,0.971
cha_phonlamai_kw03_bing_000042.jpg,cha_phonlamai/cha_phonlamai_kw03_bing_000042.jpg,cha_phonlamai,kw03,1,fruit tea iced cup slices,en,bing,web_scrape,,533,533,1.0,RGB,False,False,,cha_phonlamai,cha_phonlamai|kw03|bing,cha_phonlamai,0.7928
cha_phonlamai_kw03_bing_000045.jpg,cha_phonlamai/cha_phonlamai_kw03_bing_000045.jpg,cha_phonlamai,kw03,1,fruit tea iced cup slices,en,bing,web_scrape,,600,900,0.6667,RGB,False,False,,cha_phonlamai,cha_phonlamai|kw03|bing,cha_phonlamai,0.6973
cha_phonlamai_kw03_bing_000048.jpg,cha_phonlamai/cha_phonlamai_kw03_bing_000048.jpg,cha_phonlamai,kw03,1,fruit tea iced cup slices,en,bing,web_scrape,,1200,1800,0.6667,RGB,False,False,,cha_phonlamai,cha_phonlamai|kw03|bing,cha_phonlamai,0.5268
cha_phonlamai_kw03_bing_000050.jpg,cha_phonlamai/cha_phonlamai_kw03_bing_000050.jpg,cha_phonlamai,kw03,1,fruit tea iced cup slices,en,bing,web_scrape,,800,533,1.5009,RGB,False,False,,cha_phonlamai,cha_phonlamai|kw03|bing,cha_phonlamai,0.9993
cha_phonlamai_kw03_bing_000051.jpg,cha_phonlamai/cha_phonlamai_kw03_bing_000051.jpg,cha_phonlamai,kw03,1,fruit tea iced cup slices,en,bing,web_scrape,,736,1104,0.6667,RGB,False,False,,cha_phonlamai,cha_phonlamai|kw03|bing,cha_thai,0.9828
cha_phonlamai_kw03_bing_000052.webp,cha_phonlamai/cha_phonlamai_kw03_bing_000052.webp,cha_phonlamai,kw03,1,fruit tea iced cup slices,en,bing,web_scrape,,960,1200,0.8,RGB,False,False,,cha_phonlamai,cha_phonlamai|kw03|bing,cha_phonlamai,0.5146
cha_phonlamai_kw03_bing_000054.jpg,cha_phonlamai/cha_phonlamai_kw03_bing_000054.jpg,cha_phonlamai,kw03,1,fruit tea iced cup slices,en,bing,web_scrape,,626,626,1.0,RGB,False,False,,cha_phonlamai,cha_phonlamai|kw03|bing,cha_dam_yen,0.8137
cha_phonlamai_kw03_bing_000064.jpg,cha_phonlamai/cha_phonlamai_kw03_bing_000064.jpg,cha_phonlamai,kw03,1,fruit tea iced cup slices,en,bing,web_scrape,,1050,700,1.5,RGB,False,False,,cha_phonlamai,cha_phonlamai|kw03|bing,cha_phonlamai,0.9951
cha_phonlamai_kw03_bing_000066.jpg,cha_phonlamai/cha_phonlamai_kw03_bing_000066.jpg,cha_phonlamai,kw03,1,fruit tea iced cup slices,en,bing,web_scrape,,2200,3300,0.6667,RGB,False,False,,cha_phonlamai,cha_phonlamai|kw03|bing,cha_thai,0.7844
cha_phonlamai_kw03_bing_000075.jpg,cha_phonlamai/cha_phonlamai_kw03_bing_000075.jpg,cha_phonlamai,kw03,1,fruit tea iced cup slices,en,bing,web_scrape,,1300,954,1.3627,RGB,False,False,,cha_phonlamai,cha_phonlamai|kw03|bing,cha_phonlamai,0.9995
cha_phonlamai_kw03_bing_000080.jpg,cha_phonlamai/cha_phonlamai_kw03_bing_000080.jpg,cha_phonlamai,kw03,1,fruit tea iced cup slices,en,bing,web_scrape,,1600,901,1.7758,RGB,False,False,,cha_phonlamai,cha_phonlamai|kw03|bing,cha_phonlamai,0.8758
cha_phonlamai_kw03_bing_000083.jpg,cha_phonlamai/cha_phonlamai_kw03_bing_000083.jpg,cha_phonlamai,kw03,1,fruit tea iced cup slices,en,bing,web_scrape,,866,1390,0.623,RGB,False,False,,cha_phonlamai,cha_phonlamai|kw03|bing,cha_phonlamai,0.5886
cha_phonlamai_kw06_bing_000004.jpg,cha_phonlamai/cha_phonlamai_kw06_bing_000004.jpg,cha_phonlamai,kw06,2,ชาผลไม้ ร้านชาริมทาง,th,bing,web_scrape,,1600,1069,1.4967,RGB,False,False,,cha_phonlamai,cha_phonlamai|kw06|bing,cha_thai,0.9747
cha_phonlamai_kw06_bing_000022.jpg,cha_phonlamai/cha_phonlamai_kw06_bing_000022.jpg,cha_phonlamai,kw06,2,ชาผลไม้ ร้านชาริมทาง,th,bing,web_scrape,,1080,1080,1.0,RGB,False,False,,cha_phonlamai,cha_phonlamai|kw06|bing,cha_phonlamai,0.9995
cha_phonlamai_kw06_bing_000024.jpg,cha_thai/cha_phonlamai_kw06_bing_000024.jpg,cha_thai,kw06,2,ชาผลไม้ ร้านชาริมทาง,th,bing,web_scrape,,720,960,0.75,RGB,False,False,,cha_phonlamai,cha_phonlamai|kw06|bing,cha_thai,0.7077
cha_phonlamai_kw06_bing_000029.jpg,cha_khiao_nom/cha_phonlamai_kw06_bing_000029.jpg,cha_khiao_nom,kw06,2,ชาผลไม้ ร้านชาริมทาง,th,bing,web_scrape,,1425,1900,0.75,RGB,False,False,,cha_phonlamai,cha_phonlamai|kw06|bing,cha_khiao_nom,0.8408
cha_phonlamai_kw06_bing_000051.jpg,cha_nom_khai_muk/cha_phonlamai_kw06_bing_000051.jpg,cha_nom_khai_muk,kw06,2,ชาผลไม้ ร้านชาริมทาง,th,bing,web_scrape,,1920,1080,1.7778,RGB,False,False,,cha_phonlamai,cha_phonlamai|kw06|bing,cha_nom_khai_muk,1.0
cha_dam_yen_manual_manual_79568209ce.jpg,cha_dam_yen/cha_dam_yen_manual_manual_79568209ce.jpg,cha_dam_yen,,3,,manual,manual,manual,single__79568209ce,1206,1171,1.0299,RGB,False,False,manual_add/cha_dam_yen/IMG_3506.jpg,cha_dam_yen,single__79568209ce,cha_dam_yen,0.9972
cha_khiao_nom_manual_manual_4c831e91b4.jpg,cha_khiao_nom/cha_khiao_nom_manual_manual_4c831e91b4.jpg,cha_khiao_nom,,3,,manual,manual,manual,single__4c831e91b4,5712,4284,1.3333,RGB,False,False,manual_add/cha_khiao_nom/IMG_0717 2.JPG,cha_khiao_nom,single__4c831e91b4,cha_khiao_nom,0.6092
cha_khiao_nom_manual_manual_537b3e85f2.jpg,cha_khiao_nom/cha_khiao_nom_manual_manual_537b3e85f2.jpg,cha_khiao_nom,,3,,manual,manual,manual,single__537b3e85f2,4032,3024,1.3333,RGB,False,False,manual_add/cha_khiao_nom/IMG_0862 2.JPG,cha_khiao_nom,single__537b3e85f2,cha_khiao_nom,0.9966
cha_khiao_nom_manual_manual_d2af93f7fe.jpg,cha_khiao_nom/cha_khiao_nom_manual_manual_d2af93f7fe.jpg,cha_khiao_nom,,3,,manual,manual,manual,single__d2af93f7fe,5712,4284,1.3333,RGB,False,False,manual_add/cha_khiao_nom/IMG_0946 2.JPG,cha_khiao_nom,single__d2af93f7fe,cha_khiao_nom,0.7324
cha_khiao_nom_manual_manual_5b72b4b401.jpg,cha_khiao_nom/cha_khiao_nom_manual_manual_5b72b4b401.jpg,cha_khiao_nom,,3,,manual,manual,manual,single__5b72b4b401,1535,2729,0.5625,RGB,False,False,manual_add/cha_khiao_nom/IMG_1990 2.JPG,cha_khiao_nom,single__5b72b4b401,cha_khiao_nom,0.7564
cha_khiao_nom_manual_manual_d2af833ee4.jpg,cha_khiao_nom/cha_khiao_nom_manual_manual_d2af833ee4.jpg,cha_khiao_nom,,3,,manual,manual,manual,single__d2af833ee4,1206,1608,0.75,RGB,False,False,manual_add/cha_khiao_nom/IMG_3523.JPG,cha_khiao_nom,single__d2af833ee4,cha_khiao_nom,0.9953
cha_khiao_nom_manual_manual_052361cf2f.jpg,cha_khiao_nom/cha_khiao_nom_manual_manual_052361cf2f.jpg,cha_khiao_nom,,3,,manual,manual,manual,single__052361cf2f,1536,2048,0.75,RGB,False,False,manual_add/cha_khiao_nom/IMG_3526.JPG,cha_khiao_nom,single__052361cf2f,cha_khiao_nom,0.9816
cha_khiao_nom_manual_manual_e5afcf4472.jpg,cha_khiao_nom/cha_khiao_nom_manual_manual_e5afcf4472.jpg,cha_khiao_nom,,3,,manual,manual,manual,single__e5afcf4472,812,1082,0.7505,RGB,False,False,manual_add/cha_khiao_nom/IMG_3528.jpg,cha_khiao_nom,single__e5afcf4472,cha_khiao_nom,0.9988
cha_khiao_nom_manual_manual_20d1ba8596.jpg,cha_khiao_nom/cha_khiao_nom_manual_manual_20d1ba8596.jpg,cha_khiao_nom,,3,,manual,manual,manual,single__20d1ba8596,1536,2048,0.75,RGB,False,False,manual_add/cha_khiao_nom/IMG_3529.JPG,cha_khiao_nom,single__20d1ba8596,cha_khiao_nom,0.9648
cha_khiao_nom_manual_manual_9b3ade5936.jpg,cha_khiao_nom/cha_khiao_nom_manual_manual_9b3ade5936.jpg,cha_khiao_nom,,3,,manual,manual,manual,single__9b3ade5936,1080,1920,0.5625,RGB,False,False,manual_add/cha_khiao_nom/IMG_3531.JPG,cha_khiao_nom,single__9b3ade5936,cha_khiao_nom,0.9421
cha_khiao_nom_manual_manual_89447a9ec4.jpg,cha_khiao_nom/cha_khiao_nom_manual_manual_89447a9ec4.jpg,cha_khiao_nom,,3,,manual,manual,manual,single__89447a9ec4,1206,1156,1.0433,RGB,False,False,manual_add/cha_khiao_nom/IMG_3532.jpg,cha_khiao_nom,single__89447a9ec4,cha_khiao_nom,0.8502
cha_khiao_nom_manual_manual_498d5da697.jpg,cha_khiao_nom/cha_khiao_nom_manual_manual_498d5da697.jpg,cha_khiao_nom,,3,,manual,manual,manual,single__498d5da697,1536,2048,0.75,RGB,False,False,manual_add/cha_khiao_nom/IMG_3533.JPG,cha_khiao_nom,single__498d5da697,cha_thai,0.686
cha_nom_khai_muk_manual_manual_9be422548a.jpg,cha_nom_khai_muk/cha_nom_khai_muk_manual_manual_9be422548a.jpg,cha_nom_khai_muk,,3,,manual,manual,manual,single__9be422548a,1280,1708,0.7494,RGB,False,False,manual_add/cha_nom_khai_muk/IMG_3536.JPG,cha_nom_khai_muk,single__9be422548a,cha_thai,0.5017
cha_nom_khai_muk_manual_manual_ff2d214d2f.jpg,cha_nom_khai_muk/cha_nom_khai_muk_manual_manual_ff2d214d2f.jpg,cha_nom_khai_muk,,3,,manual,manual,manual,single__ff2d214d2f,1440,1920,0.75,RGB,False,False,manual_add/cha_nom_khai_muk/IMG_3544.JPG,cha_nom_khai_muk,single__ff2d214d2f,cha_nom_khai_muk,0.9989
cha_nom_khai_muk_manual_manual_6b8a167b86.jpg,cha_nom_khai_muk/cha_nom_khai_muk_manual_manual_6b8a167b86.jpg,cha_nom_khai_muk,,3,,manual,manual,manual,single__6b8a167b86,1206,1608,0.75,RGB,False,False,manual_add/cha_nom_khai_muk/IMG_3546.JPG,cha_nom_khai_muk,single__6b8a167b86,cha_thai,0.7585
cha_nom_khai_muk_manual_manual_c08d8dd9b4.jpg,cha_nom_khai_muk/cha_nom_khai_muk_manual_manual_c08d8dd9b4.jpg,cha_nom_khai_muk,,3,,manual,manual,manual,single__c08d8dd9b4,1440,1920,0.75,RGB,False,False,manual_add/cha_nom_khai_muk/IMG_3548.JPG,cha_nom_khai_muk,single__c08d8dd9b4,cha_nom_khai_muk,0.9996
cha_nom_khai_muk_manual_manual_daa286761c.jpg,cha_nom_khai_muk/cha_nom_khai_muk_manual_manual_daa286761c.jpg,cha_nom_khai_muk,,3,,manual,manual,manual,single__daa286761c,801,1200,0.6675,RGB,False,False,manual_add/cha_nom_khai_muk/IMG_3557.JPG,cha_nom_khai_muk,single__daa286761c,cha_nom_khai_muk,0.9199
cha_thai_manual_manual_7ff56c5db7.jpg,cha_thai/cha_thai_manual_manual_7ff56c5db7.jpg,cha_thai,,3,,manual,manual,manual,single__7ff56c5db7,600,800,0.75,RGB,False,False,manual_add/cha_thai/IMG_3591.JPG,cha_thai,single__7ff56c5db7,cha_thai,0.9831
cha_thai_manual_manual_0186ed9455.jpg,cha_thai/cha_thai_manual_manual_0186ed9455.jpg,cha_thai,,3,,manual,manual,manual,single__0186ed9455,1536,2048,0.75,RGB,False,False,manual_add/cha_thai/IMG_3592.JPG,cha_thai,single__0186ed9455,cha_thai,0.9966
cha_thai_manual_manual_1a568a7d6d.jpg,cha_thai/cha_thai_manual_manual_1a568a7d6d.jpg,cha_thai,,3,,manual,manual,manual,single__1a568a7d6d,1440,1920,0.75,RGB,False,False,manual_add/cha_thai/IMG_3600.JPG,cha_thai,single__1a568a7d6d,cha_thai,0.9749
cha_thai_manual_manual_47a5f84ca9.jpg,cha_thai/cha_thai_manual_manual_47a5f84ca9.jpg,cha_thai,,3,,manual,manual,manual,single__47a5f84ca9,1206,1608,0.75,RGB,False,False,manual_add/cha_thai/IMG_3601.JPG,cha_thai,single__47a5f84ca9,cha_thai,0.9999
cha_thai_manual_manual_053ca292ee.jpg,cha_thai/cha_thai_manual_manual_053ca292ee.jpg,cha_thai,,3,,manual,manual,manual,single__053ca292ee,1280,1708,0.7494,RGB,False,False,manual_add/cha_thai/IMG_3602.JPG,cha_thai,single__053ca292ee,cha_thai,1.0
cha_thai_manual_manual_79d4a4ff4f.jpg,cha_thai/cha_thai_manual_manual_79d4a4ff4f.jpg,cha_thai,,3,,manual,manual,manual,single__79d4a4ff4f,1206,1126,1.071,RGB,False,False,manual_add/cha_thai/IMG_3604.jpg,cha_thai,single__79d4a4ff4f,cha_thai,0.799
