tool,arch,trial,stage1_lr,stage1_epochs,stage2_lr,stage2_epochs,label_smoothing,best_val_f1,state,seconds
optuna,vgg16,0,0.001,5,1e-05,10,0.05,0.925,complete,247
optuna,vgg16,1,0.0005,10,1e-05,10,0.1,0.9362,complete,313
optuna,vgg16,2,0.001,5,1e-05,15,0.1,0.9161,complete,283
optuna,vgg16,3,0.0005,5,1e-05,20,0.05,0.9253,complete,205
optuna,vgg16,4,0.0005,10,0.0001,10,0.0,0.9265,complete,286
optuna,vgg16,5,0.0005,10,5e-05,10,0.1,0.9256,complete,282
optuna,vgg16,6,0.0005,10,5e-05,20,0.1,0.9256,complete,274
optuna,vgg16,7,0.0005,10,0.0001,15,0.0,0.9257,complete,281
optuna,vgg16,8,0.001,10,1e-05,10,0.1,,pruned,202
optuna,resnet50,0,0.001,5,1e-05,10,0.05,0.7581,complete,209
optuna,resnet50,1,0.0005,10,1e-05,10,0.1,0.7407,complete,258
optuna,resnet50,2,0.001,5,1e-05,15,0.1,0.7627,complete,216
optuna,resnet50,3,0.0005,5,1e-05,20,0.05,,pruned,137
optuna,resnet50,4,0.001,5,0.0001,15,0.0,0.9477,complete,237
optuna,resnet50,5,0.001,10,0.0001,15,0.0,0.9479,complete,337
optuna,resnet50,6,0.001,10,5e-05,15,0.0,,pruned,288
optuna,resnet50,7,0.001,10,0.0001,20,0.0,,pruned,285
optuna,resnet50,8,0.0005,10,0.0001,15,0.0,0.9573,complete,324
optuna,resnet50,9,0.0005,10,5e-05,15,0.0,0.9477,complete,324
optuna,efficientnet_b3,0,0.001,5,1e-05,10,0.05,0.8182,complete,205
optuna,efficientnet_b3,1,0.0005,10,1e-05,10,0.1,0.7989,complete,273
optuna,efficientnet_b3,2,0.001,5,1e-05,15,0.1,0.8318,complete,273
optuna,efficientnet_b3,3,0.0005,5,1e-05,20,0.05,,pruned,109
optuna,efficientnet_b3,4,0.001,5,0.0001,15,0.0,0.9373,complete,233
optuna,efficientnet_b3,5,0.001,10,0.0001,15,0.0,0.9265,complete,287
optuna,efficientnet_b3,6,0.001,5,5e-05,15,0.0,0.9376,complete,247
optuna,efficientnet_b3,7,0.001,5,5e-05,20,0.0,0.9483,complete,327
optuna,efficientnet_b3,8,0.0005,10,5e-05,20,0.0,,pruned,215
optuna,mobilenet_v3_large,0,0.001,5,1e-05,10,0.05,0.8945,complete,157
optuna,mobilenet_v3_large,1,0.0005,10,1e-05,10,0.1,0.8841,complete,213
optuna,mobilenet_v3_large,2,0.001,5,1e-05,15,0.1,0.8945,complete,182
optuna,mobilenet_v3_large,3,0.0005,5,1e-05,20,0.05,0.904,complete,183
optuna,mobilenet_v3_large,4,0.0005,5,0.0001,20,0.0,0.906,complete,223
optuna,mobilenet_v3_large,5,0.0005,10,0.0001,20,0.0,0.9135,complete,225
optuna,mobilenet_v3_large,6,0.0005,10,5e-05,20,0.0,0.9044,complete,224
optuna,mobilenet_v3_large,7,0.0005,10,0.0001,15,0.0,0.9135,complete,224
optuna,mobilenet_v3_large,8,0.001,10,0.0001,20,0.0,0.9139,complete,224
optuna,mobilenet_v3_large,9,0.001,10,5e-05,20,0.0,0.9139,complete,229
wandb_sweep,vgg16,bbxb9vj4,0.001,10,0.0001,20,0.1,0.9155,complete,354
wandb_sweep,vgg16,ipinba51,0.0005,10,5e-05,15,0.1,0.9256,complete,259
wandb_sweep,vgg16,itqg61r9,0.001,10,1e-05,20,0.1,0.9149,complete,231
wandb_sweep,vgg16,b8jd06xg,0.001,5,5e-05,20,0.05,0.957,complete,222
wandb_sweep,vgg16,mc42og1h,0.001,5,5e-05,10,0.1,0.9465,complete,219
wandb_sweep,vgg16,s2sbq2rx,0.001,10,0.0001,10,0.1,0.9346,complete,299
wandb_sweep,vgg16,8ga2xvt7,0.001,5,0.0001,20,0.1,0.957,complete,174
wandb_sweep,vgg16,i4fnbmam,0.001,5,0.0001,20,0.05,0.9347,complete,187
wandb_sweep,vgg16,8jcy6lkz,0.0005,5,0.0001,10,0.1,0.946,complete,177
wandb_sweep,vgg16,fup95knz,0.0005,10,0.0001,20,0.05,0.9237,complete,268
wandb_sweep,resnet50,o28fst70,0.001,5,1e-05,20,0.05,0.8316,complete,359
wandb_sweep,resnet50,uw663wtc,0.0005,5,5e-05,20,0.05,0.9573,complete,353
wandb_sweep,resnet50,be8q1kla,0.0005,10,5e-05,20,0.1,0.9489,complete,303
wandb_sweep,resnet50,ubv094rw,0.001,10,0.0001,20,0.1,0.9475,complete,343
wandb_sweep,resnet50,1bueb7j1,0.001,10,5e-05,10,0.05,0.926,complete,233
wandb_sweep,resnet50,zzedqk6v,0.0005,10,1e-05,20,0,0.8125,complete,391
wandb_sweep,resnet50,jxevkrqg,0.0005,10,0.0001,15,0,0.9573,complete,324
wandb_sweep,resnet50,qopoamjq,0.0005,5,5e-05,10,0.1,0.9272,complete,205
wandb_sweep,resnet50,eiqihbz4,0.0005,5,1e-05,15,0.05,0.7614,complete,272
wandb_sweep,resnet50,ds6n65o0,0.001,5,0.0001,15,0,0.9477,complete,227
wandb_sweep,efficientnet_b3,qmrniajj,0.001,5,1e-05,10,0.05,0.8182,complete,203
wandb_sweep,efficientnet_b3,8w39h35r,0.001,10,0.0001,20,0.05,0.9176,complete,269
wandb_sweep,efficientnet_b3,dycz54ez,0.0005,10,0.0001,10,0.1,0.9483,complete,270
wandb_sweep,efficientnet_b3,sitspur3,0.001,10,0.0001,10,0.1,0.9281,complete,271
wandb_sweep,efficientnet_b3,4z67rfkp,0.0005,10,0.0001,15,0.1,0.9391,complete,270
wandb_sweep,efficientnet_b3,47b4gnet,0.0005,10,0.0001,10,0.05,0.9483,complete,270
wandb_sweep,efficientnet_b3,oxx39oox,0.0005,10,0.0001,15,0.05,0.9387,complete,291
wandb_sweep,efficientnet_b3,3w41iha6,0.0005,10,0.0001,10,0,0.9376,complete,277
wandb_sweep,efficientnet_b3,suqn980k,0.0005,10,0.0001,15,0,0.9376,complete,281
wandb_sweep,efficientnet_b3,5823bh3n,0.0005,10,0.0001,20,0.1,0.949,complete,298
wandb_sweep,mobilenet_v3_large,wjof9w7k,0.0005,10,5e-05,10,0.05,0.9145,complete,271
wandb_sweep,mobilenet_v3_large,mc5v9ns0,0.001,10,1e-05,15,0,0.9139,complete,217
wandb_sweep,mobilenet_v3_large,rd621k8v,0.001,5,1e-05,20,0,0.8836,complete,161
wandb_sweep,mobilenet_v3_large,o454esyx,0.0005,10,0.0001,15,0.05,0.9144,complete,285
wandb_sweep,mobilenet_v3_large,qknr8f4y,0.001,10,0.0001,15,0.05,0.914,complete,256
wandb_sweep,mobilenet_v3_large,t4ej048o,0.001,10,0.0001,15,0.1,0.9137,complete,258
wandb_sweep,mobilenet_v3_large,1f942u59,0.001,10,0.0001,10,0.1,0.9137,complete,267
wandb_sweep,mobilenet_v3_large,p6tz6qaz,0.001,10,0.0001,10,0.05,0.914,complete,259
wandb_sweep,mobilenet_v3_large,l8lnjqds,0.001,10,5e-05,15,0.05,0.9135,complete,285
wandb_sweep,mobilenet_v3_large,0xdzdk4f,0.001,10,5e-05,10,0,0.9139,complete,230
