filename,class,group,split
cha_thai_kw00_bing_000000.jpg,cha_thai,cha_thai|kw00|bing,train
cha_thai_kw00_bing_000002.jpg,cha_thai,cha_thai|kw00|bing,train
cha_thai_kw00_bing_000007.png,cha_thai,cha_thai|kw00|bing,train
cha_thai_kw00_bing_000008.webp,cha_thai,cha_thai|kw00|bing,train
cha_thai_kw00_bing_000010.jpg,cha_thai,cha_thai|kw00|bing,train
cha_thai_kw00_bing_000012.jpg,cha_thai,cha_thai|kw00|bing,train
cha_thai_kw00_bing_000014.jpg,cha_thai,cha_thai|kw00|bing,train
cha_thai_kw00_bing_000015.jpg,cha_thai,cha_thai|kw00|bing,train
cha_thai_kw00_bing_000016.jpg,cha_thai,cha_thai|kw00|bing,train
cha_thai_kw00_bing_000017.jpg,cha_thai,cha_thai|kw00|bing,train
cha_thai_kw00_bing_000021.jpg,cha_thai,cha_thai|kw00|bing,train
cha_thai_kw00_bing_000024.png,cha_thai,cha_thai|kw00|bing,train
cha_thai_kw00_bing_000026.jpg,cha_thai,cha_thai|kw00|bing,train
cha_thai_kw00_bing_000028.webp,cha_thai,cha_thai|kw00|bing,train
cha_thai_kw00_bing_000029.jpg,cha_thai,cha_thai|kw00|bing,train
cha_thai_kw00_bing_000030.jpg,cha_thai,cha_thai|kw00|bing,train
cha_thai_kw00_bing_000031.jpg,cha_thai,cha_thai|kw00|bing,train
cha_thai_kw00_bing_000032.jpg,cha_thai,cha_thai|kw00|bing,train
cha_thai_kw00_bing_000038.jpg,cha_thai,cha_thai|kw00|bing,train
cha_thai_kw00_bing_000040.webp,cha_thai,cha_thai|kw00|bing,train
cha_thai_kw00_bing_000044.webp,cha_thai,cha_thai|kw00|bing,train
cha_thai_kw00_bing_000048.jpg,cha_thai,cha_thai|kw00|bing,train
cha_thai_kw00_bing_000053.png,cha_thai,cha_thai|kw00|bing,train
cha_thai_kw00_bing_000054.webp,cha_thai,cha_thai|kw00|bing,train
cha_thai_kw00_bing_000055.png,cha_thai,cha_thai|kw00|bing,train
cha_thai_kw00_bing_000062.jpg,cha_thai,cha_thai|kw00|bing,train
cha_thai_kw00_bing_000138.jpg,cha_thai,cha_thai|kw00|bing,train
cha_thai_kw00_bing_000139.jpg,cha_thai,cha_thai|kw00|bing,train
cha_thai_kw01_bing_000000.jpg,cha_thai,cha_thai|kw01|bing,test
cha_thai_kw01_bing_000001.jpg,cha_thai,cha_thai|kw01|bing,test
cha_thai_kw01_bing_000002.jpg,cha_thai,cha_thai|kw01|bing,test
cha_thai_kw01_bing_000003.jpg,cha_thai,cha_thai|kw01|bing,test
cha_thai_kw01_bing_000004.jpg,cha_thai,cha_thai|kw01|bing,test
cha_thai_kw01_bing_000016.jpg,cha_thai,cha_thai|kw01|bing,test
cha_thai_kw01_bing_000017.jpg,cha_thai,cha_thai|kw01|bing,test
cha_thai_kw01_bing_000018.jpg,cha_thai,cha_thai|kw01|bing,test
cha_thai_kw01_bing_000021.jpg,cha_thai,cha_thai|kw01|bing,test
cha_thai_kw01_bing_000026.jpg,cha_thai,cha_thai|kw01|bing,test
cha_thai_kw01_bing_000027.jpg,cha_thai,cha_thai|kw01|bing,test
cha_thai_kw01_bing_000029.jpg,cha_thai,cha_thai|kw01|bing,test
cha_thai_kw01_bing_000032.jpg,cha_thai,cha_thai|kw01|bing,test
cha_thai_kw02_bing_000000.jpg,cha_thai,cha_thai|kw02|bing,train
cha_thai_kw02_bing_000001.jpg,cha_thai,cha_thai|kw02|bing,train
cha_thai_kw02_bing_000006.jpg,cha_thai,cha_thai|kw02|bing,train
cha_thai_kw02_bing_000007.jpg,cha_thai,cha_thai|kw02|bing,train
cha_thai_kw02_bing_000011.jpg,cha_thai,cha_thai|kw02|bing,train
cha_thai_kw02_bing_000013.jpg,cha_thai,cha_thai|kw02|bing,train
cha_thai_kw02_bing_000024.webp,cha_thai,cha_thai|kw02|bing,train
cha_thai_kw02_bing_000026.jpg,cha_thai,cha_thai|kw02|bing,train
cha_thai_kw02_bing_000028.jpg,cha_thai,cha_thai|kw02|bing,train
cha_thai_kw02_bing_000039.jpg,cha_thai,cha_thai|kw02|bing,train
cha_thai_kw02_bing_000056.jpg,cha_thai,cha_thai|kw02|bing,train
cha_thai_kw02_bing_000061.webp,cha_thai,cha_thai|kw02|bing,train
cha_thai_kw03_bing_000000.jpg,cha_thai,cha_thai|kw03|bing,train
cha_thai_kw03_bing_000001.jpg,cha_thai,cha_thai|kw03|bing,train
cha_thai_kw03_bing_000003.jpg,cha_thai,cha_thai|kw03|bing,train
cha_thai_kw03_bing_000005.jpg,cha_thai,cha_thai|kw03|bing,train
cha_thai_kw03_bing_000008.jpg,cha_thai,cha_thai|kw03|bing,train
cha_thai_kw03_bing_000010.jpg,cha_thai,cha_thai|kw03|bing,train
cha_thai_kw03_bing_000013.jpg,cha_thai,cha_thai|kw03|bing,train
cha_thai_kw03_bing_000014.jpg,cha_thai,cha_thai|kw03|bing,train
cha_thai_kw03_bing_000015.jpg,cha_thai,cha_thai|kw03|bing,train
cha_thai_kw03_bing_000016.jpg,cha_thai,cha_thai|kw03|bing,train
cha_thai_kw03_bing_000017.jpg,cha_thai,cha_thai|kw03|bing,train
cha_thai_kw03_bing_000019.jpg,cha_thai,cha_thai|kw03|bing,train
cha_thai_kw03_bing_000020.jpg,cha_thai,cha_thai|kw03|bing,train
cha_thai_kw03_bing_000022.jpg,cha_thai,cha_thai|kw03|bing,train
cha_thai_kw03_bing_000023.jpg,cha_thai,cha_thai|kw03|bing,train
cha_thai_kw03_bing_000025.jpg,cha_thai,cha_thai|kw03|bing,train
cha_thai_kw03_bing_000028.jpg,cha_thai,cha_thai|kw03|bing,train
cha_thai_kw03_bing_000029.png,cha_thai,cha_thai|kw03|bing,train
cha_thai_kw03_bing_000030.jpg,cha_thai,cha_thai|kw03|bing,train
cha_thai_kw03_bing_000031.jpg,cha_thai,cha_thai|kw03|bing,train
cha_thai_kw03_bing_000033.jpg,cha_thai,cha_thai|kw03|bing,train
cha_thai_kw03_bing_000036.jpg,cha_thai,cha_thai|kw03|bing,train
cha_thai_kw03_bing_000037.jpg,cha_thai,cha_thai|kw03|bing,train
cha_thai_kw03_bing_000038.jpg,cha_thai,cha_thai|kw03|bing,train
cha_thai_kw03_bing_000039.jpg,cha_thai,cha_thai|kw03|bing,train
cha_thai_kw03_bing_000042.jpg,cha_thai,cha_thai|kw03|bing,train
cha_thai_kw03_bing_000043.jpg,cha_thai,cha_thai|kw03|bing,train
cha_thai_kw03_bing_000044.jpg,cha_thai,cha_thai|kw03|bing,train
cha_thai_kw03_bing_000045.jpg,cha_thai,cha_thai|kw03|bing,train
cha_thai_kw03_bing_000048.jpg,cha_thai,cha_thai|kw03|bing,train
cha_thai_kw03_bing_000049.jpg,cha_thai,cha_thai|kw03|bing,train
cha_thai_kw03_bing_000051.jpg,cha_thai,cha_thai|kw03|bing,train
cha_thai_kw03_bing_000054.jpg,cha_thai,cha_thai|kw03|bing,train
cha_thai_kw03_bing_000055.jpg,cha_thai,cha_thai|kw03|bing,train
cha_thai_kw03_bing_000057.jpg,cha_thai,cha_thai|kw03|bing,train
cha_thai_kw03_bing_000058.jpg,cha_thai,cha_thai|kw03|bing,train
cha_thai_kw03_bing_000059.jpg,cha_thai,cha_thai|kw03|bing,train
cha_thai_kw03_bing_000062.jpg,cha_thai,cha_thai|kw03|bing,train
cha_thai_kw03_bing_000063.jpg,cha_thai,cha_thai|kw03|bing,train
cha_thai_kw03_bing_000064.jpg,cha_thai,cha_thai|kw03|bing,train
cha_thai_kw03_bing_000065.jpg,cha_thai,cha_thai|kw03|bing,train
cha_thai_kw03_bing_000069.jpg,cha_thai,cha_thai|kw03|bing,train
cha_thai_kw03_bing_000074.jpg,cha_thai,cha_thai|kw03|bing,train
cha_thai_kw03_bing_000075.jpg,cha_thai,cha_thai|kw03|bing,train
cha_thai_kw03_bing_000076.jpg,cha_thai,cha_thai|kw03|bing,train
cha_thai_kw03_bing_000091.png,cha_thai,cha_thai|kw03|bing,train
cha_thai_kw03_bing_000093.jpg,cha_thai,cha_thai|kw03|bing,train
cha_thai_kw03_bing_000097.jpg,cha_thai,cha_thai|kw03|bing,train
cha_thai_kw03_baidu_000002.jpg,cha_thai,cha_thai|kw03|baidu,test
cha_thai_kw03_baidu_000003.jpg,cha_thai,cha_thai|kw03|baidu,test
cha_thai_kw03_baidu_000004.jpg,cha_thai,cha_thai|kw03|baidu,test
cha_thai_kw03_baidu_000005.jpg,cha_thai,cha_thai|kw03|baidu,test
cha_thai_kw03_baidu_000007.jpg,cha_thai,cha_thai|kw03|baidu,test
cha_thai_kw03_baidu_000010.jpg,cha_thai,cha_thai|kw03|baidu,test
cha_thai_kw03_baidu_000012.jpg,cha_thai,cha_thai|kw03|baidu,test
cha_thai_kw03_baidu_000013.jpg,cha_thai,cha_thai|kw03|baidu,test
cha_thai_kw03_baidu_000015.jpg,cha_thai,cha_thai|kw03|baidu,test
cha_thai_kw03_baidu_000024.jpg,cha_thai,cha_thai|kw03|baidu,test
cha_thai_kw03_baidu_000028.jpg,cha_thai,cha_thai|kw03|baidu,test
cha_thai_kw03_baidu_000031.jpg,cha_thai,cha_thai|kw03|baidu,test
cha_thai_kw03_baidu_000032.jpg,cha_thai,cha_thai|kw03|baidu,test
cha_thai_kw03_baidu_000033.jpg,cha_thai,cha_thai|kw03|baidu,test
cha_thai_kw03_baidu_000036.jpg,cha_thai,cha_thai|kw03|baidu,test
cha_thai_kw03_baidu_000038.jpg,cha_thai,cha_thai|kw03|baidu,test
cha_thai_kw03_baidu_000039.jpg,cha_thai,cha_thai|kw03|baidu,test
cha_thai_kw03_baidu_000041.jpg,cha_thai,cha_thai|kw03|baidu,test
cha_thai_kw04_bing_000000.jpg,cha_thai,cha_thai|kw04|bing,train
cha_thai_kw04_bing_000007.jpg,cha_thai,cha_thai|kw04|bing,train
cha_thai_kw04_bing_000008.jpg,cha_thai,cha_thai|kw04|bing,train
cha_thai_kw04_bing_000009.jpg,cha_thai,cha_thai|kw04|bing,train
cha_thai_kw04_bing_000013.jpg,cha_thai,cha_thai|kw04|bing,train
cha_thai_kw04_bing_000015.jpg,cha_thai,cha_thai|kw04|bing,train
cha_thai_kw04_bing_000016.jpg,cha_thai,cha_thai|kw04|bing,train
cha_thai_kw04_bing_000018.jpg,cha_thai,cha_thai|kw04|bing,train
cha_thai_kw04_bing_000020.jpg,cha_thai,cha_thai|kw04|bing,train
cha_thai_kw04_bing_000023.jpg,cha_thai,cha_thai|kw04|bing,train
cha_thai_kw04_bing_000025.jpg,cha_thai,cha_thai|kw04|bing,train
cha_thai_kw04_bing_000026.jpg,cha_thai,cha_thai|kw04|bing,train
cha_thai_kw04_bing_000029.jpg,cha_thai,cha_thai|kw04|bing,train
cha_thai_kw04_bing_000031.jpg,cha_thai,cha_thai|kw04|bing,train
cha_thai_kw04_bing_000032.jpg,cha_thai,cha_thai|kw04|bing,train
cha_thai_kw04_bing_000033.png,cha_thai,cha_thai|kw04|bing,train
cha_thai_kw04_bing_000036.jpg,cha_thai,cha_thai|kw04|bing,train
cha_thai_kw04_bing_000039.jpg,cha_thai,cha_thai|kw04|bing,train
cha_thai_kw04_bing_000040.jpg,cha_thai,cha_thai|kw04|bing,train
cha_thai_kw04_bing_000041.jpg,cha_thai,cha_thai|kw04|bing,train
cha_thai_kw04_bing_000042.jpg,cha_thai,cha_thai|kw04|bing,train
cha_thai_kw04_bing_000044.jpg,cha_thai,cha_thai|kw04|bing,train
cha_thai_kw04_bing_000048.jpg,cha_thai,cha_thai|kw04|bing,train
cha_thai_kw04_bing_000051.jpg,cha_thai,cha_thai|kw04|bing,train
cha_thai_kw04_bing_000055.jpg,cha_thai,cha_thai|kw04|bing,train
cha_thai_kw04_bing_000056.jpg,cha_thai,cha_thai|kw04|bing,train
cha_thai_kw04_bing_000057.webp,cha_thai,cha_thai|kw04|bing,train
cha_thai_kw04_bing_000065.jpg,cha_thai,cha_thai|kw04|bing,train
cha_thai_kw04_bing_000077.jpg,cha_thai,cha_thai|kw04|bing,train
cha_thai_kw04_bing_000082.jpg,cha_thai,cha_thai|kw04|bing,train
cha_thai_kw04_baidu_000006.jpg,cha_thai,cha_thai|kw04|baidu,test
cha_thai_kw04_baidu_000020.jpg,cha_thai,cha_thai|kw04|baidu,test
cha_thai_kw04_baidu_000024.jpg,cha_thai,cha_thai|kw04|baidu,test
cha_thai_kw04_baidu_000045.jpg,cha_thai,cha_thai|kw04|baidu,test
cha_thai_kw04_baidu_000047.jpg,cha_thai,cha_thai|kw04|baidu,test
cha_thai_kw06_bing_000026.png,cha_thai,cha_thai|kw06|bing,train
cha_thai_kw06_bing_000053.jpg,cha_thai,cha_thai|kw06|bing,train
cha_thai_kw06_bing_000091.webp,cha_thai,cha_thai|kw06|bing,train
cha_thai_kw07_bing_000002.jpg,cha_thai,cha_thai|kw07|bing,train
cha_thai_kw07_bing_000003.png,cha_thai,cha_thai|kw07|bing,train
cha_thai_kw07_bing_000006.jpg,cha_thai,cha_thai|kw07|bing,train
cha_thai_kw07_bing_000008.webp,cha_thai,cha_thai|kw07|bing,train
cha_thai_kw07_bing_000009.webp,cha_thai,cha_thai|kw07|bing,train
cha_thai_kw07_bing_000011.jpg,cha_thai,cha_thai|kw07|bing,train
cha_thai_kw07_bing_000012.jpg,cha_thai,cha_thai|kw07|bing,train
cha_thai_kw07_bing_000022.jpg,cha_thai,cha_thai|kw07|bing,train
cha_thai_kw07_bing_000074.webp,cha_nom_khai_muk,cha_thai|kw07|bing,train
cha_dam_yen_kw00_bing_000006.jpg,cha_dam_yen,cha_dam_yen|kw00|bing,train
cha_dam_yen_kw00_bing_000010.jpg,cha_dam_yen,cha_dam_yen|kw00|bing,train
cha_dam_yen_kw00_bing_000014.jpg,cha_dam_yen,cha_dam_yen|kw00|bing,train
cha_dam_yen_kw00_bing_000015.jpg,cha_dam_yen,cha_dam_yen|kw00|bing,train
cha_dam_yen_kw00_bing_000017.jpg,cha_dam_yen,cha_dam_yen|kw00|bing,train
cha_dam_yen_kw00_bing_000018.jpg,cha_dam_yen,cha_dam_yen|kw00|bing,train
cha_dam_yen_kw00_bing_000030.webp,cha_dam_yen,cha_dam_yen|kw00|bing,train
cha_dam_yen_kw00_bing_000031.jpg,cha_dam_yen,cha_dam_yen|kw00|bing,train
cha_dam_yen_kw00_bing_000034.png,cha_dam_yen,cha_dam_yen|kw00|bing,train
cha_dam_yen_kw00_bing_000036.jpg,cha_dam_yen,cha_dam_yen|kw00|bing,train
cha_dam_yen_kw00_bing_000037.jpg,cha_dam_yen,cha_dam_yen|kw00|bing,train
cha_dam_yen_kw00_bing_000044.jpg,cha_dam_yen,cha_dam_yen|kw00|bing,train
cha_dam_yen_kw00_bing_000060.jpg,cha_dam_yen,cha_dam_yen|kw00|bing,train
cha_dam_yen_kw00_bing_000062.jpg,cha_dam_yen,cha_dam_yen|kw00|bing,train
cha_dam_yen_kw00_bing_000072.jpg,cha_dam_yen,cha_dam_yen|kw00|bing,train
cha_dam_yen_kw00_bing_000079.jpg,cha_thai,cha_dam_yen|kw00|bing,train
cha_dam_yen_kw00_bing_000124.jpg,cha_dam_yen,cha_dam_yen|kw00|bing,train
cha_dam_yen_kw01_bing_000002.jpg,cha_dam_yen,cha_dam_yen|kw01|bing,train
cha_dam_yen_kw01_bing_000016.jpg,cha_dam_yen,cha_dam_yen|kw01|bing,train
cha_dam_yen_kw01_bing_000023.png,cha_dam_yen,cha_dam_yen|kw01|bing,train
cha_dam_yen_kw01_bing_000081.jpg,cha_dam_yen,cha_dam_yen|kw01|bing,train
cha_dam_yen_kw02_bing_000033.webp,cha_thai,cha_dam_yen|kw02|bing,train
cha_dam_yen_kw02_bing_000038.jpg,cha_dam_yen,cha_dam_yen|kw02|bing,train
cha_dam_yen_kw02_bing_000043.jpg,cha_dam_yen,cha_dam_yen|kw02|bing,train
cha_dam_yen_kw02_bing_000052.jpg,cha_thai,cha_dam_yen|kw02|bing,train
cha_dam_yen_kw02_bing_000069.jpg,cha_phonlamai,cha_dam_yen|kw02|bing,train
cha_dam_yen_kw02_bing_000073.jpg,cha_thai,cha_dam_yen|kw02|bing,train
cha_dam_yen_kw03_bing_000000.jpg,cha_dam_yen,cha_dam_yen|kw03|bing,val
cha_dam_yen_kw03_bing_000001.jpg,cha_dam_yen,cha_dam_yen|kw03|bing,val
cha_dam_yen_kw03_bing_000002.jpg,cha_thai,cha_dam_yen|kw03|bing,val
cha_dam_yen_kw03_bing_000003.jpg,cha_dam_yen,cha_dam_yen|kw03|bing,val
cha_dam_yen_kw03_bing_000005.jpg,cha_dam_yen,cha_dam_yen|kw03|bing,val
cha_dam_yen_kw03_bing_000006.jpg,cha_dam_yen,cha_dam_yen|kw03|bing,val
cha_dam_yen_kw03_bing_000007.jpg,cha_dam_yen,cha_dam_yen|kw03|bing,val
cha_dam_yen_kw03_bing_000011.jpg,cha_thai,cha_dam_yen|kw03|bing,val
cha_dam_yen_kw03_bing_000016.jpg,cha_thai,cha_dam_yen|kw03|bing,val
cha_dam_yen_kw03_bing_000018.jpg,cha_thai,cha_dam_yen|kw03|bing,val
cha_dam_yen_kw03_bing_000021.jpg,cha_thai,cha_dam_yen|kw03|bing,val
cha_dam_yen_kw03_bing_000032.webp,cha_thai,cha_dam_yen|kw03|bing,val
cha_dam_yen_kw03_bing_000037.jpg,cha_thai,cha_dam_yen|kw03|bing,val
cha_dam_yen_kw03_bing_000041.jpg,cha_thai,cha_dam_yen|kw03|bing,val
cha_dam_yen_kw03_bing_000044.jpg,cha_thai,cha_dam_yen|kw03|bing,val
cha_dam_yen_kw03_bing_000058.png,cha_thai,cha_dam_yen|kw03|bing,val
cha_dam_yen_kw03_bing_000064.jpg,cha_dam_yen,cha_dam_yen|kw03|bing,val
cha_dam_yen_kw03_bing_000069.jpg,cha_thai,cha_dam_yen|kw03|bing,val
cha_dam_yen_kw03_bing_000070.jpg,cha_thai,cha_dam_yen|kw03|bing,val
cha_dam_yen_kw03_bing_000071.jpg,cha_thai,cha_dam_yen|kw03|bing,val
cha_dam_yen_kw03_bing_000077.jpg,cha_khiao_nom,cha_dam_yen|kw03|bing,val
cha_dam_yen_kw03_bing_000083.jpg,cha_dam_yen,cha_dam_yen|kw03|bing,val
cha_dam_yen_kw03_bing_000088.png,cha_thai,cha_dam_yen|kw03|bing,val
cha_dam_yen_kw03_bing_000089.webp,cha_thai,cha_dam_yen|kw03|bing,val
cha_dam_yen_kw03_bing_000091.jpg,cha_thai,cha_dam_yen|kw03|bing,val
cha_dam_yen_kw03_bing_000105.jpg,cha_phonlamai,cha_dam_yen|kw03|bing,val
cha_dam_yen_kw03_baidu_000007.jpg,cha_dam_yen,cha_dam_yen|kw03|baidu,train
cha_dam_yen_kw03_baidu_000010.jpg,cha_khiao_nom,cha_dam_yen|kw03|baidu,train
cha_dam_yen_kw03_baidu_000021.jpg,cha_thai,cha_dam_yen|kw03|baidu,train
cha_dam_yen_kw03_baidu_000030.jpg,cha_dam_yen,cha_dam_yen|kw03|baidu,train
cha_dam_yen_kw03_baidu_000045.jpg,cha_khiao_nom,cha_dam_yen|kw03|baidu,train
cha_dam_yen_kw03_baidu_000049.jpg,cha_dam_yen,cha_dam_yen|kw03|baidu,train
cha_dam_yen_kw03_baidu_000055.jpg,cha_thai,cha_dam_yen|kw03|baidu,train
cha_dam_yen_kw04_bing_000001.jpg,cha_dam_yen,cha_dam_yen|kw04|bing,train
cha_dam_yen_kw04_bing_000004.webp,cha_dam_yen,cha_dam_yen|kw04|bing,train
cha_dam_yen_kw04_bing_000008.jpg,cha_dam_yen,cha_dam_yen|kw04|bing,train
cha_dam_yen_kw04_bing_000013.png,cha_dam_yen,cha_dam_yen|kw04|bing,train
cha_dam_yen_kw04_bing_000015.png,cha_dam_yen,cha_dam_yen|kw04|bing,train
cha_dam_yen_kw04_bing_000025.jpg,cha_dam_yen,cha_dam_yen|kw04|bing,train
cha_dam_yen_kw04_bing_000050.png,cha_phonlamai,cha_dam_yen|kw04|bing,train
cha_dam_yen_kw04_bing_000057.jpg,cha_thai,cha_dam_yen|kw04|bing,train
cha_dam_yen_kw04_bing_000078.jpg,cha_thai,cha_dam_yen|kw04|bing,train
cha_dam_yen_kw04_bing_000083.jpg,cha_thai,cha_dam_yen|kw04|bing,train
cha_dam_yen_kw04_baidu_000008.jpg,cha_dam_yen,cha_dam_yen|kw04|baidu,test
cha_dam_yen_kw04_baidu_000013.jpg,cha_khiao_nom,cha_dam_yen|kw04|baidu,test
cha_dam_yen_kw04_baidu_000034.jpg,cha_dam_yen,cha_dam_yen|kw04|baidu,test
cha_dam_yen_kw04_baidu_000036.jpg,cha_dam_yen,cha_dam_yen|kw04|baidu,test
cha_dam_yen_kw04_baidu_000041.jpg,cha_khiao_nom,cha_dam_yen|kw04|baidu,test
cha_dam_yen_kw06_bing_000000.jpg,cha_dam_yen,cha_dam_yen|kw06|bing,test
cha_dam_yen_kw06_bing_000019.jpg,cha_dam_yen,cha_dam_yen|kw06|bing,test
cha_dam_yen_kw06_bing_000023.jpg,cha_thai,cha_dam_yen|kw06|bing,test
cha_dam_yen_kw06_bing_000027.jpg,cha_dam_yen,cha_dam_yen|kw06|bing,test
cha_dam_yen_kw06_bing_000076.jpg,cha_dam_yen,cha_dam_yen|kw06|bing,test
cha_dam_yen_kw06_bing_000096.jpg,cha_thai,cha_dam_yen|kw06|bing,test
cha_dam_yen_kw06_bing_000099.jpg,cha_khiao_nom,cha_dam_yen|kw06|bing,test
cha_dam_yen_kw07_bing_000007.jpg,cha_dam_yen,cha_dam_yen|kw07|bing,test
cha_dam_yen_kw07_bing_000009.jpg,cha_dam_yen,cha_dam_yen|kw07|bing,test
cha_dam_yen_kw07_bing_000024.jpg,cha_dam_yen,cha_dam_yen|kw07|bing,test
cha_dam_yen_kw07_bing_000038.jpg,cha_dam_yen,cha_dam_yen|kw07|bing,test
cha_dam_yen_kw07_bing_000045.webp,cha_nom_khai_muk,cha_dam_yen|kw07|bing,test
cha_dam_yen_kw07_bing_000060.jpg,cha_dam_yen,cha_dam_yen|kw07|bing,test
cha_dam_yen_kw07_bing_000093.webp,cha_nom_khai_muk,cha_dam_yen|kw07|bing,test
cha_khiao_nom_kw00_bing_000000.jpg,cha_khiao_nom,cha_khiao_nom|kw00|bing,test
cha_khiao_nom_kw00_bing_000001.jpg,cha_khiao_nom,cha_khiao_nom|kw00|bing,test
cha_khiao_nom_kw00_bing_000001.png,cha_khiao_nom,cha_khiao_nom|kw00|bing,test
cha_khiao_nom_kw00_bing_000002.jpg,cha_khiao_nom,cha_khiao_nom|kw00|bing,test
cha_khiao_nom_kw00_bing_000004.jpg,cha_khiao_nom,cha_khiao_nom|kw00|bing,test
cha_khiao_nom_kw00_bing_000005.jpg,cha_khiao_nom,cha_khiao_nom|kw00|bing,test
cha_khiao_nom_kw00_bing_000007.webp,cha_khiao_nom,cha_khiao_nom|kw00|bing,test
cha_khiao_nom_kw00_bing_000015.jpg,cha_khiao_nom,cha_khiao_nom|kw00|bing,test
cha_khiao_nom_kw00_bing_000023.jpg,cha_khiao_nom,cha_khiao_nom|kw00|bing,test
cha_khiao_nom_kw00_bing_000027.jpg,cha_khiao_nom,cha_khiao_nom|kw00|bing,test
cha_khiao_nom_kw00_bing_000029.jpg,cha_khiao_nom,cha_khiao_nom|kw00|bing,test
cha_khiao_nom_kw00_bing_000031.jpg,cha_khiao_nom,cha_khiao_nom|kw00|bing,test
cha_khiao_nom_kw00_bing_000035.jpg,cha_khiao_nom,cha_khiao_nom|kw00|bing,test
cha_khiao_nom_kw00_bing_000039.jpg,cha_khiao_nom,cha_khiao_nom|kw00|bing,test
cha_khiao_nom_kw00_bing_000052.jpg,cha_khiao_nom,cha_khiao_nom|kw00|bing,test
cha_khiao_nom_kw00_bing_000056.jpg,cha_khiao_nom,cha_khiao_nom|kw00|bing,test
cha_khiao_nom_kw00_bing_000060.jpg,cha_thai,cha_khiao_nom|kw00|bing,test
cha_khiao_nom_kw00_bing_000070.jpg,cha_khiao_nom,cha_khiao_nom|kw00|bing,test
cha_khiao_nom_kw00_bing_000085.jpg,cha_nom_khai_muk,cha_khiao_nom|kw00|bing,test
cha_khiao_nom_kw00_bing_000095.jpg,cha_nom_khai_muk,cha_khiao_nom|kw00|bing,test
cha_khiao_nom_kw00_bing_000097.jpg,cha_nom_khai_muk,cha_khiao_nom|kw00|bing,test
cha_khiao_nom_kw01_bing_000001.jpg,cha_khiao_nom,cha_khiao_nom|kw01|bing,test
cha_khiao_nom_kw01_bing_000004.jpg,cha_khiao_nom,cha_khiao_nom|kw01|bing,test
cha_khiao_nom_kw01_bing_000010.jpg,cha_khiao_nom,cha_khiao_nom|kw01|bing,test
cha_khiao_nom_kw01_bing_000017.jpg,cha_khiao_nom,cha_khiao_nom|kw01|bing,test
cha_khiao_nom_kw01_bing_000024.jpg,cha_nom_khai_muk,cha_khiao_nom|kw01|bing,test
cha_khiao_nom_kw01_bing_000027.jpg,cha_khiao_nom,cha_khiao_nom|kw01|bing,test
cha_khiao_nom_kw01_bing_000040.jpg,cha_nom_khai_muk,cha_khiao_nom|kw01|bing,test
cha_khiao_nom_kw01_bing_000048.jpg,cha_khiao_nom,cha_khiao_nom|kw01|bing,test
cha_khiao_nom_kw01_bing_000059.webp,cha_nom_khai_muk,cha_khiao_nom|kw01|bing,test
cha_khiao_nom_kw01_bing_000079.jpg,cha_khiao_nom,cha_khiao_nom|kw01|bing,test
cha_khiao_nom_kw02_bing_000013.jpg,cha_khiao_nom,cha_khiao_nom|kw02|bing,val
cha_khiao_nom_kw02_bing_000028.jpg,cha_khiao_nom,cha_khiao_nom|kw02|bing,val
cha_khiao_nom_kw02_bing_000031.jpg,cha_khiao_nom,cha_khiao_nom|kw02|bing,val
cha_khiao_nom_kw02_bing_000035.jpg,cha_khiao_nom,cha_khiao_nom|kw02|bing,val
cha_khiao_nom_kw02_bing_000036.jpg,cha_khiao_nom,cha_khiao_nom|kw02|bing,val
cha_khiao_nom_kw02_bing_000044.jpg,cha_khiao_nom,cha_khiao_nom|kw02|bing,val
cha_khiao_nom_kw02_bing_000048.webp,cha_khiao_nom,cha_khiao_nom|kw02|bing,val
cha_khiao_nom_kw02_bing_000052.jpg,cha_khiao_nom,cha_khiao_nom|kw02|bing,val
cha_khiao_nom_kw02_bing_000053.jpg,cha_khiao_nom,cha_khiao_nom|kw02|bing,val
cha_khiao_nom_kw02_bing_000055.jpg,cha_khiao_nom,cha_khiao_nom|kw02|bing,val
cha_khiao_nom_kw02_bing_000058.png,cha_khiao_nom,cha_khiao_nom|kw02|bing,val
cha_khiao_nom_kw02_bing_000071.jpg,cha_khiao_nom,cha_khiao_nom|kw02|bing,val
cha_khiao_nom_kw02_bing_000072.jpg,cha_khiao_nom,cha_khiao_nom|kw02|bing,val
cha_khiao_nom_kw02_bing_000088.jpg,cha_khiao_nom,cha_khiao_nom|kw02|bing,val
cha_khiao_nom_kw02_bing_000096.jpg,cha_khiao_nom,cha_khiao_nom|kw02|bing,val
cha_khiao_nom_kw03_bing_000000.jpg,cha_khiao_nom,cha_khiao_nom|kw03|bing,train
cha_khiao_nom_kw03_bing_000001.jpg,cha_khiao_nom,cha_khiao_nom|kw03|bing,train
cha_khiao_nom_kw03_bing_000002.jpg,cha_khiao_nom,cha_khiao_nom|kw03|bing,train
cha_khiao_nom_kw03_bing_000004.jpg,cha_khiao_nom,cha_khiao_nom|kw03|bing,train
cha_khiao_nom_kw03_bing_000005.jpg,cha_khiao_nom,cha_khiao_nom|kw03|bing,train
cha_khiao_nom_kw03_bing_000006.jpg,cha_khiao_nom,cha_khiao_nom|kw03|bing,train
cha_khiao_nom_kw03_bing_000007.jpg,cha_khiao_nom,cha_khiao_nom|kw03|bing,train
cha_khiao_nom_kw03_bing_000008.jpg,cha_khiao_nom,cha_khiao_nom|kw03|bing,train
cha_khiao_nom_kw03_bing_000009.jpg,cha_khiao_nom,cha_khiao_nom|kw03|bing,train
cha_khiao_nom_kw03_bing_000011.jpg,cha_khiao_nom,cha_khiao_nom|kw03|bing,train
cha_khiao_nom_kw03_bing_000016.jpg,cha_khiao_nom,cha_khiao_nom|kw03|bing,train
cha_khiao_nom_kw03_bing_000017.png,cha_khiao_nom,cha_khiao_nom|kw03|bing,train
cha_khiao_nom_kw03_bing_000018.jpg,cha_khiao_nom,cha_khiao_nom|kw03|bing,train
cha_khiao_nom_kw03_bing_000019.jpg,cha_khiao_nom,cha_khiao_nom|kw03|bing,train
cha_khiao_nom_kw03_bing_000021.jpg,cha_khiao_nom,cha_khiao_nom|kw03|bing,train
cha_khiao_nom_kw03_bing_000022.png,cha_khiao_nom,cha_khiao_nom|kw03|bing,train
cha_khiao_nom_kw03_bing_000023.jpg,cha_khiao_nom,cha_khiao_nom|kw03|bing,train
cha_khiao_nom_kw03_bing_000024.jpg,cha_khiao_nom,cha_khiao_nom|kw03|bing,train
cha_khiao_nom_kw03_bing_000025.jpg,cha_khiao_nom,cha_khiao_nom|kw03|bing,train
cha_khiao_nom_kw03_bing_000026.jpg,cha_khiao_nom,cha_khiao_nom|kw03|bing,train
cha_khiao_nom_kw03_bing_000027.jpg,cha_khiao_nom,cha_khiao_nom|kw03|bing,train
cha_khiao_nom_kw03_bing_000028.jpg,cha_khiao_nom,cha_khiao_nom|kw03|bing,train
cha_khiao_nom_kw03_bing_000029.jpg,cha_khiao_nom,cha_khiao_nom|kw03|bing,train
cha_khiao_nom_kw03_bing_000030.jpg,cha_khiao_nom,cha_khiao_nom|kw03|bing,train
cha_khiao_nom_kw03_bing_000031.jpg,cha_khiao_nom,cha_khiao_nom|kw03|bing,train
cha_khiao_nom_kw03_bing_000033.jpg,cha_khiao_nom,cha_khiao_nom|kw03|bing,train
cha_khiao_nom_kw03_bing_000034.jpg,cha_khiao_nom,cha_khiao_nom|kw03|bing,train
cha_khiao_nom_kw03_bing_000037.jpg,cha_khiao_nom,cha_khiao_nom|kw03|bing,train
cha_khiao_nom_kw03_bing_000039.jpg,cha_khiao_nom,cha_khiao_nom|kw03|bing,train
cha_khiao_nom_kw03_bing_000040.jpg,cha_khiao_nom,cha_khiao_nom|kw03|bing,train
cha_khiao_nom_kw03_bing_000041.jpg,cha_khiao_nom,cha_khiao_nom|kw03|bing,train
cha_khiao_nom_kw03_bing_000045.jpg,cha_khiao_nom,cha_khiao_nom|kw03|bing,train
cha_khiao_nom_kw03_bing_000050.jpg,cha_khiao_nom,cha_khiao_nom|kw03|bing,train
cha_khiao_nom_kw03_bing_000051.jpg,cha_khiao_nom,cha_khiao_nom|kw03|bing,train
cha_khiao_nom_kw03_bing_000052.jpg,cha_khiao_nom,cha_khiao_nom|kw03|bing,train
cha_khiao_nom_kw03_bing_000053.jpg,cha_khiao_nom,cha_khiao_nom|kw03|bing,train
cha_khiao_nom_kw03_bing_000054.png,cha_khiao_nom,cha_khiao_nom|kw03|bing,train
cha_khiao_nom_kw03_bing_000058.jpg,cha_khiao_nom,cha_khiao_nom|kw03|bing,train
cha_khiao_nom_kw03_bing_000059.jpg,cha_khiao_nom,cha_khiao_nom|kw03|bing,train
cha_khiao_nom_kw03_bing_000060.jpg,cha_khiao_nom,cha_khiao_nom|kw03|bing,train
cha_khiao_nom_kw03_bing_000061.jpg,cha_khiao_nom,cha_khiao_nom|kw03|bing,train
cha_khiao_nom_kw03_bing_000062.jpg,cha_khiao_nom,cha_khiao_nom|kw03|bing,train
cha_khiao_nom_kw03_bing_000063.jpg,cha_khiao_nom,cha_khiao_nom|kw03|bing,train
cha_khiao_nom_kw03_bing_000071.jpg,cha_nom_khai_muk,cha_khiao_nom|kw03|bing,train
cha_khiao_nom_kw03_bing_000096.webp,cha_nom_khai_muk,cha_khiao_nom|kw03|bing,train
cha_khiao_nom_kw03_baidu_000001.jpg,cha_khiao_nom,cha_khiao_nom|kw03|baidu,train
cha_khiao_nom_kw03_baidu_000002.jpg,cha_khiao_nom,cha_khiao_nom|kw03|baidu,train
cha_khiao_nom_kw03_baidu_000003.jpg,cha_khiao_nom,cha_khiao_nom|kw03|baidu,train
cha_khiao_nom_kw03_baidu_000005.jpg,cha_khiao_nom,cha_khiao_nom|kw03|baidu,train
cha_khiao_nom_kw03_baidu_000006.jpg,cha_khiao_nom,cha_khiao_nom|kw03|baidu,train
cha_khiao_nom_kw03_baidu_000009.jpg,cha_khiao_nom,cha_khiao_nom|kw03|baidu,train
cha_khiao_nom_kw03_baidu_000010.jpg,cha_khiao_nom,cha_khiao_nom|kw03|baidu,train
cha_khiao_nom_kw03_baidu_000011.jpg,cha_khiao_nom,cha_khiao_nom|kw03|baidu,train
cha_khiao_nom_kw03_baidu_000012.jpg,cha_khiao_nom,cha_khiao_nom|kw03|baidu,train
cha_khiao_nom_kw03_baidu_000013.jpg,cha_khiao_nom,cha_khiao_nom|kw03|baidu,train
cha_khiao_nom_kw03_baidu_000016.jpg,cha_khiao_nom,cha_khiao_nom|kw03|baidu,train
cha_khiao_nom_kw03_baidu_000017.jpg,cha_khiao_nom,cha_khiao_nom|kw03|baidu,train
cha_khiao_nom_kw03_baidu_000018.jpg,cha_khiao_nom,cha_khiao_nom|kw03|baidu,train
cha_khiao_nom_kw03_baidu_000019.jpg,cha_khiao_nom,cha_khiao_nom|kw03|baidu,train
cha_khiao_nom_kw03_baidu_000020.jpg,cha_khiao_nom,cha_khiao_nom|kw03|baidu,train
cha_khiao_nom_kw03_baidu_000022.jpg,cha_khiao_nom,cha_khiao_nom|kw03|baidu,train
cha_khiao_nom_kw03_baidu_000023.jpg,cha_khiao_nom,cha_khiao_nom|kw03|baidu,train
cha_khiao_nom_kw03_baidu_000024.jpg,cha_khiao_nom,cha_khiao_nom|kw03|baidu,train
cha_khiao_nom_kw03_baidu_000026.jpg,cha_khiao_nom,cha_khiao_nom|kw03|baidu,train
cha_khiao_nom_kw03_baidu_000029.jpg,cha_khiao_nom,cha_khiao_nom|kw03|baidu,train
cha_khiao_nom_kw03_baidu_000030.jpg,cha_khiao_nom,cha_khiao_nom|kw03|baidu,train
cha_khiao_nom_kw03_baidu_000034.jpg,cha_khiao_nom,cha_khiao_nom|kw03|baidu,train
cha_khiao_nom_kw03_baidu_000037.jpg,cha_khiao_nom,cha_khiao_nom|kw03|baidu,train
cha_khiao_nom_kw03_baidu_000038.jpg,cha_khiao_nom,cha_khiao_nom|kw03|baidu,train
cha_khiao_nom_kw03_baidu_000039.jpg,cha_khiao_nom,cha_khiao_nom|kw03|baidu,train
cha_khiao_nom_kw03_baidu_000041.jpg,cha_khiao_nom,cha_khiao_nom|kw03|baidu,train
cha_khiao_nom_kw03_baidu_000045.jpg,cha_khiao_nom,cha_khiao_nom|kw03|baidu,train
cha_khiao_nom_kw03_baidu_000046.jpg,cha_khiao_nom,cha_khiao_nom|kw03|baidu,train
cha_khiao_nom_kw03_baidu_000049.jpg,cha_khiao_nom,cha_khiao_nom|kw03|baidu,train
cha_khiao_nom_kw03_baidu_000053.jpg,cha_khiao_nom,cha_khiao_nom|kw03|baidu,train
cha_khiao_nom_kw03_baidu_000054.png,cha_khiao_nom,cha_khiao_nom|kw03|baidu,train
cha_khiao_nom_kw04_bing_000000.jpg,cha_khiao_nom,cha_khiao_nom|kw04|bing,train
cha_khiao_nom_kw04_bing_000002.jpg,cha_khiao_nom,cha_khiao_nom|kw04|bing,train
cha_khiao_nom_kw04_bing_000004.jpg,cha_khiao_nom,cha_khiao_nom|kw04|bing,train
cha_khiao_nom_kw04_bing_000005.jpg,cha_khiao_nom,cha_khiao_nom|kw04|bing,train
cha_khiao_nom_kw04_bing_000006.jpg,cha_khiao_nom,cha_khiao_nom|kw04|bing,train
cha_khiao_nom_kw04_bing_000007.png,cha_khiao_nom,cha_khiao_nom|kw04|bing,train
cha_khiao_nom_kw04_bing_000008.jpg,cha_khiao_nom,cha_khiao_nom|kw04|bing,train
cha_khiao_nom_kw04_bing_000010.jpg,cha_khiao_nom,cha_khiao_nom|kw04|bing,train
cha_khiao_nom_kw04_bing_000011.jpg,cha_khiao_nom,cha_khiao_nom|kw04|bing,train
cha_khiao_nom_kw04_bing_000012.jpg,cha_khiao_nom,cha_khiao_nom|kw04|bing,train
cha_khiao_nom_kw04_bing_000013.jpg,cha_khiao_nom,cha_khiao_nom|kw04|bing,train
cha_khiao_nom_kw04_bing_000014.jpg,cha_khiao_nom,cha_khiao_nom|kw04|bing,train
cha_khiao_nom_kw04_bing_000015.jpg,cha_khiao_nom,cha_khiao_nom|kw04|bing,train
cha_khiao_nom_kw04_bing_000016.jpg,cha_khiao_nom,cha_khiao_nom|kw04|bing,train
cha_khiao_nom_kw04_bing_000017.jpg,cha_khiao_nom,cha_khiao_nom|kw04|bing,train
cha_khiao_nom_kw04_bing_000018.jpg,cha_khiao_nom,cha_khiao_nom|kw04|bing,train
cha_khiao_nom_kw04_bing_000020.jpg,cha_khiao_nom,cha_khiao_nom|kw04|bing,train
cha_khiao_nom_kw04_bing_000021.jpg,cha_khiao_nom,cha_khiao_nom|kw04|bing,train
cha_khiao_nom_kw04_bing_000022.jpg,cha_khiao_nom,cha_khiao_nom|kw04|bing,train
cha_khiao_nom_kw04_bing_000023.jpg,cha_khiao_nom,cha_khiao_nom|kw04|bing,train
cha_khiao_nom_kw04_bing_000024.jpg,cha_khiao_nom,cha_khiao_nom|kw04|bing,train
cha_khiao_nom_kw04_bing_000025.jpg,cha_khiao_nom,cha_khiao_nom|kw04|bing,train
cha_khiao_nom_kw04_bing_000026.png,cha_khiao_nom,cha_khiao_nom|kw04|bing,train
cha_khiao_nom_kw04_bing_000027.jpg,cha_khiao_nom,cha_khiao_nom|kw04|bing,train
cha_khiao_nom_kw04_bing_000032.jpg,cha_khiao_nom,cha_khiao_nom|kw04|bing,train
cha_khiao_nom_kw04_bing_000033.jpg,cha_khiao_nom,cha_khiao_nom|kw04|bing,train
cha_khiao_nom_kw04_bing_000034.jpg,cha_khiao_nom,cha_khiao_nom|kw04|bing,train
cha_khiao_nom_kw04_bing_000037.jpg,cha_khiao_nom,cha_khiao_nom|kw04|bing,train
cha_khiao_nom_kw04_bing_000040.jpg,cha_khiao_nom,cha_khiao_nom|kw04|bing,train
cha_khiao_nom_kw04_bing_000042.jpg,cha_khiao_nom,cha_khiao_nom|kw04|bing,train
cha_khiao_nom_kw04_bing_000043.jpg,cha_khiao_nom,cha_khiao_nom|kw04|bing,train
cha_khiao_nom_kw04_bing_000044.jpg,cha_khiao_nom,cha_khiao_nom|kw04|bing,train
cha_khiao_nom_kw04_bing_000046.jpg,cha_khiao_nom,cha_khiao_nom|kw04|bing,train
cha_khiao_nom_kw04_bing_000047.jpg,cha_khiao_nom,cha_khiao_nom|kw04|bing,train
cha_khiao_nom_kw04_bing_000048.jpg,cha_khiao_nom,cha_khiao_nom|kw04|bing,train
cha_khiao_nom_kw04_bing_000051.jpg,cha_khiao_nom,cha_khiao_nom|kw04|bing,train
cha_khiao_nom_kw04_bing_000053.jpg,cha_khiao_nom,cha_khiao_nom|kw04|bing,train
cha_khiao_nom_kw04_bing_000054.jpg,cha_khiao_nom,cha_khiao_nom|kw04|bing,train
cha_khiao_nom_kw04_bing_000055.jpg,cha_khiao_nom,cha_khiao_nom|kw04|bing,train
cha_khiao_nom_kw04_bing_000056.jpg,cha_khiao_nom,cha_khiao_nom|kw04|bing,train
cha_khiao_nom_kw04_bing_000057.webp,cha_khiao_nom,cha_khiao_nom|kw04|bing,train
cha_khiao_nom_kw04_bing_000058.jpg,cha_khiao_nom,cha_khiao_nom|kw04|bing,train
cha_khiao_nom_kw04_bing_000072.jpg,cha_khiao_nom,cha_khiao_nom|kw04|bing,train
cha_khiao_nom_kw04_baidu_000005.jpg,cha_khiao_nom,cha_khiao_nom|kw04|baidu,train
cha_khiao_nom_kw04_baidu_000008.jpg,cha_khiao_nom,cha_khiao_nom|kw04|baidu,train
cha_khiao_nom_kw04_baidu_000009.jpg,cha_khiao_nom,cha_khiao_nom|kw04|baidu,train
cha_khiao_nom_kw04_baidu_000010.jpg,cha_khiao_nom,cha_khiao_nom|kw04|baidu,train
cha_khiao_nom_kw04_baidu_000037.jpg,cha_khiao_nom,cha_khiao_nom|kw04|baidu,train
cha_khiao_nom_kw04_baidu_000039.jpg,cha_khiao_nom,cha_khiao_nom|kw04|baidu,train
cha_khiao_nom_kw04_baidu_000040.jpg,cha_khiao_nom,cha_khiao_nom|kw04|baidu,train
cha_khiao_nom_kw04_baidu_000041.jpg,cha_khiao_nom,cha_khiao_nom|kw04|baidu,train
cha_khiao_nom_kw04_baidu_000042.jpg,cha_khiao_nom,cha_khiao_nom|kw04|baidu,train
cha_khiao_nom_kw04_baidu_000044.jpg,cha_khiao_nom,cha_khiao_nom|kw04|baidu,train
cha_khiao_nom_kw04_baidu_000045.jpg,cha_khiao_nom,cha_khiao_nom|kw04|baidu,train
cha_khiao_nom_kw04_baidu_000048.jpg,cha_khiao_nom,cha_khiao_nom|kw04|baidu,train
cha_khiao_nom_kw04_baidu_000049.jpg,cha_khiao_nom,cha_khiao_nom|kw04|baidu,train
cha_khiao_nom_kw04_baidu_000051.jpg,cha_khiao_nom,cha_khiao_nom|kw04|baidu,train
cha_khiao_nom_kw04_baidu_000052.jpg,cha_khiao_nom,cha_khiao_nom|kw04|baidu,train
cha_khiao_nom_kw04_baidu_000053.jpg,cha_khiao_nom,cha_khiao_nom|kw04|baidu,train
cha_khiao_nom_kw05_bing_000037.png,cha_khiao_nom,cha_khiao_nom|kw05|bing,val
cha_khiao_nom_kw05_bing_000072.jpg,cha_khiao_nom,cha_khiao_nom|kw05|bing,val
cha_khiao_nom_kw05_bing_000092.jpg,cha_khiao_nom,cha_khiao_nom|kw05|bing,val
cha_khiao_nom_kw06_bing_000041.jpg,cha_khiao_nom,cha_khiao_nom|kw06|bing,val
cha_khiao_nom_kw06_bing_000067.jpg,cha_dam_yen,cha_khiao_nom|kw06|bing,val
cha_khiao_nom_kw06_bing_000070.jpg,cha_khiao_nom,cha_khiao_nom|kw06|bing,val
cha_khiao_nom_kw06_bing_000080.jpg,cha_thai,cha_khiao_nom|kw06|bing,val
cha_khiao_nom_kw06_bing_000094.jpg,cha_nom_khai_muk,cha_khiao_nom|kw06|bing,val
cha_khiao_nom_kw07_bing_000001.jpg,cha_khiao_nom,cha_khiao_nom|kw07|bing,train
cha_khiao_nom_kw07_bing_000023.jpg,cha_khiao_nom,cha_khiao_nom|kw07|bing,train
cha_khiao_nom_kw07_bing_000030.jpg,cha_khiao_nom,cha_khiao_nom|kw07|bing,train
cha_khiao_nom_kw07_bing_000037.png,cha_khiao_nom,cha_khiao_nom|kw07|bing,train
cha_khiao_nom_kw07_bing_000040.jpg,cha_khiao_nom,cha_khiao_nom|kw07|bing,train
cha_khiao_nom_kw07_bing_000094.webp,cha_thai,cha_khiao_nom|kw07|bing,train
cha_nom_khai_muk_kw00_bing_000001.jpg,cha_nom_khai_muk,cha_nom_khai_muk|kw00|bing,train
cha_nom_khai_muk_kw00_bing_000006.jpg,cha_nom_khai_muk,cha_nom_khai_muk|kw00|bing,train
cha_nom_khai_muk_kw00_bing_000013.jpg,cha_nom_khai_muk,cha_nom_khai_muk|kw00|bing,train
cha_nom_khai_muk_kw00_bing_000014.jpg,cha_nom_khai_muk,cha_nom_khai_muk|kw00|bing,train
cha_nom_khai_muk_kw00_bing_000018.png,cha_nom_khai_muk,cha_nom_khai_muk|kw00|bing,train
cha_nom_khai_muk_kw00_bing_000021.jpg,cha_nom_khai_muk,cha_nom_khai_muk|kw00|bing,train
cha_nom_khai_muk_kw00_bing_000027.jpg,cha_nom_khai_muk,cha_nom_khai_muk|kw00|bing,train
cha_nom_khai_muk_kw00_bing_000028.jpg,cha_nom_khai_muk,cha_nom_khai_muk|kw00|bing,train
cha_nom_khai_muk_kw00_bing_000031.webp,cha_nom_khai_muk,cha_nom_khai_muk|kw00|bing,train
cha_nom_khai_muk_kw00_bing_000032.jpg,cha_nom_khai_muk,cha_nom_khai_muk|kw00|bing,train
cha_nom_khai_muk_kw00_bing_000033.jpg,cha_nom_khai_muk,cha_nom_khai_muk|kw00|bing,train
cha_nom_khai_muk_kw00_bing_000035.jpg,cha_nom_khai_muk,cha_nom_khai_muk|kw00|bing,train
cha_nom_khai_muk_kw00_bing_000036.jpg,cha_nom_khai_muk,cha_nom_khai_muk|kw00|bing,train
cha_nom_khai_muk_kw00_bing_000037.jpg,cha_nom_khai_muk,cha_nom_khai_muk|kw00|bing,train
cha_nom_khai_muk_kw00_bing_000041.jpg,cha_nom_khai_muk,cha_nom_khai_muk|kw00|bing,train
cha_nom_khai_muk_kw00_bing_000044.jpg,cha_nom_khai_muk,cha_nom_khai_muk|kw00|bing,train
cha_nom_khai_muk_kw00_bing_000048.jpg,cha_nom_khai_muk,cha_nom_khai_muk|kw00|bing,train
cha_nom_khai_muk_kw00_bing_000056.jpg,cha_nom_khai_muk,cha_nom_khai_muk|kw00|bing,train
cha_nom_khai_muk_kw00_bing_000062.jpg,cha_nom_khai_muk,cha_nom_khai_muk|kw00|bing,train
cha_nom_khai_muk_kw00_bing_000065.jpg,cha_nom_khai_muk,cha_nom_khai_muk|kw00|bing,train
cha_nom_khai_muk_kw00_bing_000066.jpg,cha_nom_khai_muk,cha_nom_khai_muk|kw00|bing,train
cha_nom_khai_muk_kw00_bing_000068.jpg,cha_nom_khai_muk,cha_nom_khai_muk|kw00|bing,train
cha_nom_khai_muk_kw00_bing_000069.jpg,cha_nom_khai_muk,cha_nom_khai_muk|kw00|bing,train
cha_nom_khai_muk_kw00_bing_000070.jpg,cha_nom_khai_muk,cha_nom_khai_muk|kw00|bing,train
cha_nom_khai_muk_kw00_bing_000071.webp,cha_nom_khai_muk,cha_nom_khai_muk|kw00|bing,train
cha_nom_khai_muk_kw00_bing_000079.webp,cha_nom_khai_muk,cha_nom_khai_muk|kw00|bing,train
cha_nom_khai_muk_kw00_bing_000087.jpg,cha_nom_khai_muk,cha_nom_khai_muk|kw00|bing,train
cha_nom_khai_muk_kw01_bing_000000.jpg,cha_nom_khai_muk,cha_nom_khai_muk|kw01|bing,val
cha_nom_khai_muk_kw01_bing_000004.jpg,cha_nom_khai_muk,cha_nom_khai_muk|kw01|bing,val
cha_nom_khai_muk_kw01_bing_000005.jpg,cha_nom_khai_muk,cha_nom_khai_muk|kw01|bing,val
cha_nom_khai_muk_kw01_bing_000006.webp,cha_nom_khai_muk,cha_nom_khai_muk|kw01|bing,val
cha_nom_khai_muk_kw01_bing_000013.jpg,cha_nom_khai_muk,cha_nom_khai_muk|kw01|bing,val
cha_nom_khai_muk_kw01_bing_000023.webp,cha_nom_khai_muk,cha_nom_khai_muk|kw01|bing,val
cha_nom_khai_muk_kw01_bing_000032.jpg,cha_nom_khai_muk,cha_nom_khai_muk|kw01|bing,val
cha_nom_khai_muk_kw01_bing_000042.jpg,cha_nom_khai_muk,cha_nom_khai_muk|kw01|bing,val
cha_nom_khai_muk_kw01_bing_000050.jpg,cha_nom_khai_muk,cha_nom_khai_muk|kw01|bing,val
cha_nom_khai_muk_kw01_bing_000051.jpg,cha_nom_khai_muk,cha_nom_khai_muk|kw01|bing,val
cha_nom_khai_muk_kw01_bing_000070.jpg,cha_nom_khai_muk,cha_nom_khai_muk|kw01|bing,val
cha_nom_khai_muk_kw01_bing_000071.jpg,cha_nom_khai_muk,cha_nom_khai_muk|kw01|bing,val
cha_nom_khai_muk_kw01_bing_000080.jpg,cha_nom_khai_muk,cha_nom_khai_muk|kw01|bing,val
cha_nom_khai_muk_kw01_bing_000083.jpg,cha_nom_khai_muk,cha_nom_khai_muk|kw01|bing,val
cha_nom_khai_muk_kw01_bing_000092.jpg,cha_nom_khai_muk,cha_nom_khai_muk|kw01|bing,val
cha_nom_khai_muk_kw02_bing_000013.jpg,cha_nom_khai_muk,cha_nom_khai_muk|kw02|bing,test
cha_nom_khai_muk_kw02_bing_000016.jpg,cha_nom_khai_muk,cha_nom_khai_muk|kw02|bing,test
cha_nom_khai_muk_kw02_bing_000020.webp,cha_nom_khai_muk,cha_nom_khai_muk|kw02|bing,test
cha_nom_khai_muk_kw02_bing_000021.webp,cha_nom_khai_muk,cha_nom_khai_muk|kw02|bing,test
cha_nom_khai_muk_kw02_bing_000029.jpg,cha_nom_khai_muk,cha_nom_khai_muk|kw02|bing,test
cha_nom_khai_muk_kw02_bing_000032.jpg,cha_nom_khai_muk,cha_nom_khai_muk|kw02|bing,test
cha_nom_khai_muk_kw02_bing_000041.jpg,cha_nom_khai_muk,cha_nom_khai_muk|kw02|bing,test
cha_nom_khai_muk_kw02_bing_000054.jpg,cha_nom_khai_muk,cha_nom_khai_muk|kw02|bing,test
cha_nom_khai_muk_kw02_bing_000062.jpg,cha_nom_khai_muk,cha_nom_khai_muk|kw02|bing,test
cha_nom_khai_muk_kw02_bing_000063.png,cha_nom_khai_muk,cha_nom_khai_muk|kw02|bing,test
cha_nom_khai_muk_kw02_bing_000067.jpg,cha_nom_khai_muk,cha_nom_khai_muk|kw02|bing,test
cha_nom_khai_muk_kw02_bing_000068.jpg,cha_nom_khai_muk,cha_nom_khai_muk|kw02|bing,test
cha_nom_khai_muk_kw02_bing_000076.jpg,cha_nom_khai_muk,cha_nom_khai_muk|kw02|bing,test
cha_nom_khai_muk_kw02_bing_000081.webp,cha_nom_khai_muk,cha_nom_khai_muk|kw02|bing,test
cha_nom_khai_muk_kw02_bing_000084.jpg,cha_nom_khai_muk,cha_nom_khai_muk|kw02|bing,test
cha_nom_khai_muk_kw02_bing_000092.jpg,cha_nom_khai_muk,cha_nom_khai_muk|kw02|bing,test
cha_nom_khai_muk_kw03_bing_000000.png,cha_nom_khai_muk,cha_nom_khai_muk|kw03|bing,train
cha_nom_khai_muk_kw03_bing_000001.jpg,cha_nom_khai_muk,cha_nom_khai_muk|kw03|bing,train
cha_nom_khai_muk_kw03_bing_000003.png,cha_nom_khai_muk,cha_nom_khai_muk|kw03|bing,train
cha_nom_khai_muk_kw03_bing_000004.jpg,cha_nom_khai_muk,cha_nom_khai_muk|kw03|bing,train
cha_nom_khai_muk_kw03_bing_000006.jpg,cha_nom_khai_muk,cha_nom_khai_muk|kw03|bing,train
cha_nom_khai_muk_kw03_bing_000007.jpg,cha_nom_khai_muk,cha_nom_khai_muk|kw03|bing,train
cha_nom_khai_muk_kw03_bing_000009.jpg,cha_nom_khai_muk,cha_nom_khai_muk|kw03|bing,train
cha_nom_khai_muk_kw03_bing_000012.png,cha_nom_khai_muk,cha_nom_khai_muk|kw03|bing,train
cha_nom_khai_muk_kw03_bing_000014.jpg,cha_nom_khai_muk,cha_nom_khai_muk|kw03|bing,train
cha_nom_khai_muk_kw03_bing_000020.jpg,cha_nom_khai_muk,cha_nom_khai_muk|kw03|bing,train
cha_nom_khai_muk_kw03_bing_000021.jpg,cha_nom_khai_muk,cha_nom_khai_muk|kw03|bing,train
cha_nom_khai_muk_kw03_bing_000022.jpg,cha_nom_khai_muk,cha_nom_khai_muk|kw03|bing,train
cha_nom_khai_muk_kw03_bing_000023.jpg,cha_nom_khai_muk,cha_nom_khai_muk|kw03|bing,train
cha_nom_khai_muk_kw03_bing_000027.jpg,cha_nom_khai_muk,cha_nom_khai_muk|kw03|bing,train
cha_nom_khai_muk_kw03_bing_000028.jpg,cha_nom_khai_muk,cha_nom_khai_muk|kw03|bing,train
cha_nom_khai_muk_kw03_bing_000029.jpg,cha_nom_khai_muk,cha_nom_khai_muk|kw03|bing,train
cha_nom_khai_muk_kw03_bing_000030.png,cha_nom_khai_muk,cha_nom_khai_muk|kw03|bing,train
cha_nom_khai_muk_kw03_bing_000032.jpg,cha_nom_khai_muk,cha_nom_khai_muk|kw03|bing,train
cha_nom_khai_muk_kw03_bing_000033.jpg,cha_nom_khai_muk,cha_nom_khai_muk|kw03|bing,train
cha_nom_khai_muk_kw03_bing_000036.jpg,cha_nom_khai_muk,cha_nom_khai_muk|kw03|bing,train
cha_nom_khai_muk_kw03_bing_000039.jpg,cha_nom_khai_muk,cha_nom_khai_muk|kw03|bing,train
cha_nom_khai_muk_kw03_bing_000040.jpg,cha_nom_khai_muk,cha_nom_khai_muk|kw03|bing,train
cha_nom_khai_muk_kw03_bing_000042.jpg,cha_nom_khai_muk,cha_nom_khai_muk|kw03|bing,train
cha_nom_khai_muk_kw03_bing_000043.jpg,cha_nom_khai_muk,cha_nom_khai_muk|kw03|bing,train
cha_nom_khai_muk_kw03_bing_000046.jpg,cha_nom_khai_muk,cha_nom_khai_muk|kw03|bing,train
cha_nom_khai_muk_kw03_bing_000050.jpg,cha_nom_khai_muk,cha_nom_khai_muk|kw03|bing,train
cha_nom_khai_muk_kw03_bing_000053.jpg,cha_nom_khai_muk,cha_nom_khai_muk|kw03|bing,train
cha_nom_khai_muk_kw03_bing_000058.jpg,cha_nom_khai_muk,cha_nom_khai_muk|kw03|bing,train
cha_nom_khai_muk_kw03_bing_000059.jpg,cha_nom_khai_muk,cha_nom_khai_muk|kw03|bing,train
cha_nom_khai_muk_kw03_bing_000106.jpg,cha_nom_khai_muk,cha_nom_khai_muk|kw03|bing,train
cha_nom_khai_muk_kw03_bing_000126.png,cha_nom_khai_muk,cha_nom_khai_muk|kw03|bing,train
cha_nom_khai_muk_kw03_bing_000127.png,cha_nom_khai_muk,cha_nom_khai_muk|kw03|bing,train
cha_nom_khai_muk_kw03_baidu_000010.jpg,cha_nom_khai_muk,cha_nom_khai_muk|kw03|baidu,train
cha_nom_khai_muk_kw03_baidu_000012.jpg,cha_nom_khai_muk,cha_nom_khai_muk|kw03|baidu,train
cha_nom_khai_muk_kw03_baidu_000013.jpg,cha_nom_khai_muk,cha_nom_khai_muk|kw03|baidu,train
cha_nom_khai_muk_kw03_baidu_000014.jpg,cha_nom_khai_muk,cha_nom_khai_muk|kw03|baidu,train
cha_nom_khai_muk_kw03_baidu_000015.jpg,cha_nom_khai_muk,cha_nom_khai_muk|kw03|baidu,train
cha_nom_khai_muk_kw03_baidu_000016.jpg,cha_nom_khai_muk,cha_nom_khai_muk|kw03|baidu,train
cha_nom_khai_muk_kw03_baidu_000018.jpg,cha_nom_khai_muk,cha_nom_khai_muk|kw03|baidu,train
cha_nom_khai_muk_kw03_baidu_000020.jpg,cha_nom_khai_muk,cha_nom_khai_muk|kw03|baidu,train
cha_nom_khai_muk_kw03_baidu_000022.jpg,cha_nom_khai_muk,cha_nom_khai_muk|kw03|baidu,train
cha_nom_khai_muk_kw03_baidu_000026.jpg,cha_nom_khai_muk,cha_nom_khai_muk|kw03|baidu,train
cha_nom_khai_muk_kw03_baidu_000036.jpg,cha_nom_khai_muk,cha_nom_khai_muk|kw03|baidu,train
cha_nom_khai_muk_kw03_baidu_000037.jpg,cha_nom_khai_muk,cha_nom_khai_muk|kw03|baidu,train
cha_nom_khai_muk_kw03_baidu_000041.jpg,cha_nom_khai_muk,cha_nom_khai_muk|kw03|baidu,train
cha_nom_khai_muk_kw03_baidu_000043.jpg,cha_nom_khai_muk,cha_nom_khai_muk|kw03|baidu,train
cha_nom_khai_muk_kw03_baidu_000046.jpg,cha_nom_khai_muk,cha_nom_khai_muk|kw03|baidu,train
cha_nom_khai_muk_kw03_baidu_000047.jpg,cha_nom_khai_muk,cha_nom_khai_muk|kw03|baidu,train
cha_nom_khai_muk_kw03_baidu_000048.jpg,cha_nom_khai_muk,cha_nom_khai_muk|kw03|baidu,train
cha_nom_khai_muk_kw03_baidu_000050.jpg,cha_nom_khai_muk,cha_nom_khai_muk|kw03|baidu,train
cha_nom_khai_muk_kw03_baidu_000052.jpg,cha_nom_khai_muk,cha_nom_khai_muk|kw03|baidu,train
cha_nom_khai_muk_kw03_baidu_000053.jpg,cha_nom_khai_muk,cha_nom_khai_muk|kw03|baidu,train
cha_nom_khai_muk_kw04_bing_000000.jpg,cha_nom_khai_muk,cha_nom_khai_muk|kw04|bing,train
cha_nom_khai_muk_kw04_bing_000001.jpg,cha_nom_khai_muk,cha_nom_khai_muk|kw04|bing,train
cha_nom_khai_muk_kw04_bing_000002.jpg,cha_nom_khai_muk,cha_nom_khai_muk|kw04|bing,train
cha_nom_khai_muk_kw04_bing_000003.webp,cha_nom_khai_muk,cha_nom_khai_muk|kw04|bing,train
cha_nom_khai_muk_kw04_bing_000004.jpg,cha_nom_khai_muk,cha_nom_khai_muk|kw04|bing,train
cha_nom_khai_muk_kw04_bing_000005.jpg,cha_nom_khai_muk,cha_nom_khai_muk|kw04|bing,train
cha_nom_khai_muk_kw04_bing_000006.webp,cha_nom_khai_muk,cha_nom_khai_muk|kw04|bing,train
cha_nom_khai_muk_kw04_bing_000007.jpg,cha_nom_khai_muk,cha_nom_khai_muk|kw04|bing,train
cha_nom_khai_muk_kw04_bing_000008.jpg,cha_nom_khai_muk,cha_nom_khai_muk|kw04|bing,train
cha_nom_khai_muk_kw04_bing_000010.jpg,cha_nom_khai_muk,cha_nom_khai_muk|kw04|bing,train
cha_nom_khai_muk_kw04_bing_000011.jpg,cha_nom_khai_muk,cha_nom_khai_muk|kw04|bing,train
cha_nom_khai_muk_kw04_bing_000012.jpg,cha_nom_khai_muk,cha_nom_khai_muk|kw04|bing,train
cha_nom_khai_muk_kw04_bing_000013.jpg,cha_nom_khai_muk,cha_nom_khai_muk|kw04|bing,train
cha_nom_khai_muk_kw04_bing_000014.jpg,cha_nom_khai_muk,cha_nom_khai_muk|kw04|bing,train
cha_nom_khai_muk_kw04_bing_000015.png,cha_nom_khai_muk,cha_nom_khai_muk|kw04|bing,train
cha_nom_khai_muk_kw04_bing_000016.jpg,cha_nom_khai_muk,cha_nom_khai_muk|kw04|bing,train
cha_nom_khai_muk_kw04_bing_000019.jpg,cha_nom_khai_muk,cha_nom_khai_muk|kw04|bing,train
cha_nom_khai_muk_kw04_bing_000020.jpg,cha_nom_khai_muk,cha_nom_khai_muk|kw04|bing,train
cha_nom_khai_muk_kw04_bing_000021.webp,cha_nom_khai_muk,cha_nom_khai_muk|kw04|bing,train
cha_nom_khai_muk_kw04_bing_000022.webp,cha_nom_khai_muk,cha_nom_khai_muk|kw04|bing,train
cha_nom_khai_muk_kw04_bing_000023.jpg,cha_nom_khai_muk,cha_nom_khai_muk|kw04|bing,train
cha_nom_khai_muk_kw04_bing_000024.jpg,cha_nom_khai_muk,cha_nom_khai_muk|kw04|bing,train
cha_nom_khai_muk_kw04_bing_000027.jpg,cha_nom_khai_muk,cha_nom_khai_muk|kw04|bing,train
cha_nom_khai_muk_kw04_bing_000030.jpg,cha_nom_khai_muk,cha_nom_khai_muk|kw04|bing,train
cha_nom_khai_muk_kw04_bing_000033.jpg,cha_nom_khai_muk,cha_nom_khai_muk|kw04|bing,train
cha_nom_khai_muk_kw04_bing_000034.jpg,cha_nom_khai_muk,cha_nom_khai_muk|kw04|bing,train
cha_nom_khai_muk_kw04_bing_000036.webp,cha_nom_khai_muk,cha_nom_khai_muk|kw04|bing,train
cha_nom_khai_muk_kw04_bing_000037.jpg,cha_nom_khai_muk,cha_nom_khai_muk|kw04|bing,train
cha_nom_khai_muk_kw04_bing_000040.jpg,cha_nom_khai_muk,cha_nom_khai_muk|kw04|bing,train
cha_nom_khai_muk_kw04_bing_000041.jpg,cha_nom_khai_muk,cha_nom_khai_muk|kw04|bing,train
cha_nom_khai_muk_kw04_bing_000042.jpg,cha_nom_khai_muk,cha_nom_khai_muk|kw04|bing,train
cha_nom_khai_muk_kw04_bing_000045.jpg,cha_nom_khai_muk,cha_nom_khai_muk|kw04|bing,train
cha_nom_khai_muk_kw04_bing_000048.jpg,cha_nom_khai_muk,cha_nom_khai_muk|kw04|bing,train
cha_nom_khai_muk_kw04_bing_000049.jpg,cha_nom_khai_muk,cha_nom_khai_muk|kw04|bing,train
cha_nom_khai_muk_kw04_bing_000051.jpg,cha_nom_khai_muk,cha_nom_khai_muk|kw04|bing,train
cha_nom_khai_muk_kw04_bing_000053.jpg,cha_nom_khai_muk,cha_nom_khai_muk|kw04|bing,train
cha_nom_khai_muk_kw04_bing_000054.webp,cha_nom_khai_muk,cha_nom_khai_muk|kw04|bing,train
cha_nom_khai_muk_kw04_bing_000056.jpg,cha_nom_khai_muk,cha_nom_khai_muk|kw04|bing,train
cha_nom_khai_muk_kw04_bing_000058.jpg,cha_nom_khai_muk,cha_nom_khai_muk|kw04|bing,train
cha_nom_khai_muk_kw04_bing_000061.png,cha_nom_khai_muk,cha_nom_khai_muk|kw04|bing,train
cha_nom_khai_muk_kw04_bing_000062.jpg,cha_nom_khai_muk,cha_nom_khai_muk|kw04|bing,train
cha_nom_khai_muk_kw04_bing_000063.jpg,cha_nom_khai_muk,cha_nom_khai_muk|kw04|bing,train
cha_nom_khai_muk_kw04_bing_000064.jpg,cha_nom_khai_muk,cha_nom_khai_muk|kw04|bing,train
cha_nom_khai_muk_kw04_bing_000066.jpg,cha_nom_khai_muk,cha_nom_khai_muk|kw04|bing,train
cha_nom_khai_muk_kw04_bing_000071.jpg,cha_nom_khai_muk,cha_nom_khai_muk|kw04|bing,train
cha_nom_khai_muk_kw04_bing_000072.jpg,cha_nom_khai_muk,cha_nom_khai_muk|kw04|bing,train
cha_nom_khai_muk_kw04_bing_000073.jpg,cha_nom_khai_muk,cha_nom_khai_muk|kw04|bing,train
cha_nom_khai_muk_kw04_bing_000075.jpg,cha_nom_khai_muk,cha_nom_khai_muk|kw04|bing,train
cha_nom_khai_muk_kw04_bing_000077.jpg,cha_nom_khai_muk,cha_nom_khai_muk|kw04|bing,train
cha_nom_khai_muk_kw04_bing_000079.png,cha_nom_khai_muk,cha_nom_khai_muk|kw04|bing,train
cha_nom_khai_muk_kw04_bing_000084.jpg,cha_nom_khai_muk,cha_nom_khai_muk|kw04|bing,train
cha_nom_khai_muk_kw04_bing_000090.png,cha_nom_khai_muk,cha_nom_khai_muk|kw04|bing,train
cha_nom_khai_muk_kw04_bing_000091.jpg,cha_nom_khai_muk,cha_nom_khai_muk|kw04|bing,train
cha_nom_khai_muk_kw04_bing_000092.jpg,cha_nom_khai_muk,cha_nom_khai_muk|kw04|bing,train
cha_nom_khai_muk_kw04_bing_000094.jpg,cha_nom_khai_muk,cha_nom_khai_muk|kw04|bing,train
cha_nom_khai_muk_kw04_bing_000095.jpg,cha_nom_khai_muk,cha_nom_khai_muk|kw04|bing,train
cha_nom_khai_muk_kw04_bing_000096.png,cha_nom_khai_muk,cha_nom_khai_muk|kw04|bing,train
cha_nom_khai_muk_kw04_bing_000098.jpg,cha_nom_khai_muk,cha_nom_khai_muk|kw04|bing,train
cha_nom_khai_muk_kw04_bing_000100.jpg,cha_nom_khai_muk,cha_nom_khai_muk|kw04|bing,train
cha_nom_khai_muk_kw04_bing_000101.jpg,cha_nom_khai_muk,cha_nom_khai_muk|kw04|bing,train
cha_nom_khai_muk_kw04_bing_000103.jpg,cha_nom_khai_muk,cha_nom_khai_muk|kw04|bing,train
cha_nom_khai_muk_kw04_baidu_000003.jpg,cha_nom_khai_muk,cha_nom_khai_muk|kw04|baidu,val
cha_nom_khai_muk_kw04_baidu_000004.jpg,cha_nom_khai_muk,cha_nom_khai_muk|kw04|baidu,val
cha_nom_khai_muk_kw04_baidu_000007.jpg,cha_nom_khai_muk,cha_nom_khai_muk|kw04|baidu,val
cha_nom_khai_muk_kw04_baidu_000014.jpg,cha_nom_khai_muk,cha_nom_khai_muk|kw04|baidu,val
cha_nom_khai_muk_kw04_baidu_000021.jpeg,cha_nom_khai_muk,cha_nom_khai_muk|kw04|baidu,val
cha_nom_khai_muk_kw04_baidu_000040.jpg,cha_nom_khai_muk,cha_nom_khai_muk|kw04|baidu,val
cha_nom_khai_muk_kw04_baidu_000043.jpg,cha_nom_khai_muk,cha_nom_khai_muk|kw04|baidu,val
cha_nom_khai_muk_kw04_baidu_000048.png,cha_nom_khai_muk,cha_nom_khai_muk|kw04|baidu,val
cha_nom_khai_muk_kw05_bing_000001.jpg,cha_nom_khai_muk,cha_nom_khai_muk|kw05|bing,train
cha_nom_khai_muk_kw06_bing_000007.jpg,cha_nom_khai_muk,cha_nom_khai_muk|kw06|bing,test
cha_nom_khai_muk_kw06_bing_000018.jpg,cha_nom_khai_muk,cha_nom_khai_muk|kw06|bing,test
cha_nom_khai_muk_kw06_bing_000029.jpg,cha_dam_yen,cha_nom_khai_muk|kw06|bing,test
cha_nom_khai_muk_kw06_bing_000033.jpg,cha_nom_khai_muk,cha_nom_khai_muk|kw06|bing,test
cha_nom_khai_muk_kw06_bing_000034.jpg,cha_nom_khai_muk,cha_nom_khai_muk|kw06|bing,test
cha_nom_khai_muk_kw06_bing_000060.jpg,cha_nom_khai_muk,cha_nom_khai_muk|kw06|bing,test
cha_nom_khai_muk_kw06_bing_000095.jpg,cha_nom_khai_muk,cha_nom_khai_muk|kw06|bing,test
cha_nom_khai_muk_kw07_bing_000000.jpg,cha_nom_khai_muk,cha_nom_khai_muk|kw07|bing,test
cha_nom_khai_muk_kw07_bing_000001.jpg,cha_nom_khai_muk,cha_nom_khai_muk|kw07|bing,test
cha_nom_khai_muk_kw07_bing_000008.jpg,cha_nom_khai_muk,cha_nom_khai_muk|kw07|bing,test
cha_nom_khai_muk_kw07_bing_000018.jpg,cha_nom_khai_muk,cha_nom_khai_muk|kw07|bing,test
cha_nom_khai_muk_kw07_bing_000022.jpg,cha_nom_khai_muk,cha_nom_khai_muk|kw07|bing,test
cha_nom_khai_muk_kw07_bing_000024.jpg,cha_nom_khai_muk,cha_nom_khai_muk|kw07|bing,test
cha_nom_khai_muk_kw07_bing_000030.webp,cha_nom_khai_muk,cha_nom_khai_muk|kw07|bing,test
cha_nom_khai_muk_kw07_bing_000033.png,cha_nom_khai_muk,cha_nom_khai_muk|kw07|bing,test
cha_nom_khai_muk_kw07_bing_000050.jpg,cha_nom_khai_muk,cha_nom_khai_muk|kw07|bing,test
cha_nom_khai_muk_kw07_bing_000063.webp,cha_nom_khai_muk,cha_nom_khai_muk|kw07|bing,test
cha_nom_khai_muk_kw07_bing_000069.jpg,cha_nom_khai_muk,cha_nom_khai_muk|kw07|bing,test
cha_nom_khai_muk_kw07_bing_000082.jpg,cha_nom_khai_muk,cha_nom_khai_muk|kw07|bing,test
cha_phonlamai_kw00_bing_000000.jpg,cha_phonlamai,cha_phonlamai|kw00|bing,train
cha_phonlamai_kw00_bing_000002.webp,cha_phonlamai,cha_phonlamai|kw00|bing,train
cha_phonlamai_kw00_bing_000011.jpg,cha_phonlamai,cha_phonlamai|kw00|bing,train
cha_phonlamai_kw00_bing_000013.jpg,cha_phonlamai,cha_phonlamai|kw00|bing,train
cha_phonlamai_kw00_bing_000024.jpg,cha_phonlamai,cha_phonlamai|kw00|bing,train
cha_phonlamai_kw00_bing_000025.jpg,cha_phonlamai,cha_phonlamai|kw00|bing,train
cha_phonlamai_kw00_bing_000027.jpg,cha_phonlamai,cha_phonlamai|kw00|bing,train
cha_phonlamai_kw00_bing_000032.jpg,cha_phonlamai,cha_phonlamai|kw00|bing,train
cha_phonlamai_kw00_bing_000034.jpg,cha_phonlamai,cha_phonlamai|kw00|bing,train
cha_phonlamai_kw00_bing_000037.jpg,cha_phonlamai,cha_phonlamai|kw00|bing,train
cha_phonlamai_kw00_bing_000109.jpg,cha_khiao_nom,cha_phonlamai|kw00|bing,train
cha_phonlamai_kw00_bing_000114.jpg,cha_thai,cha_phonlamai|kw00|bing,train
cha_phonlamai_kw01_bing_000000.jpg,cha_phonlamai,cha_phonlamai|kw01|bing,train
cha_phonlamai_kw01_bing_000001.jpg,cha_phonlamai,cha_phonlamai|kw01|bing,train
cha_phonlamai_kw01_bing_000005.jpg,cha_phonlamai,cha_phonlamai|kw01|bing,train
cha_phonlamai_kw01_bing_000007.jpg,cha_phonlamai,cha_phonlamai|kw01|bing,train
cha_phonlamai_kw01_bing_000009.png,cha_phonlamai,cha_phonlamai|kw01|bing,train
cha_phonlamai_kw01_bing_000017.png,cha_phonlamai,cha_phonlamai|kw01|bing,train
cha_phonlamai_kw01_bing_000029.jpg,cha_phonlamai,cha_phonlamai|kw01|bing,train
cha_phonlamai_kw01_bing_000048.jpg,cha_phonlamai,cha_phonlamai|kw01|bing,train
cha_phonlamai_kw01_bing_000055.png,cha_phonlamai,cha_phonlamai|kw01|bing,train
cha_phonlamai_kw01_bing_000061.jpg,cha_phonlamai,cha_phonlamai|kw01|bing,train
cha_phonlamai_kw01_bing_000068.jpg,cha_thai,cha_phonlamai|kw01|bing,train
cha_phonlamai_kw02_bing_000012.jpg,cha_phonlamai,cha_phonlamai|kw02|bing,val
cha_phonlamai_kw02_bing_000013.jpg,cha_thai,cha_phonlamai|kw02|bing,val
cha_phonlamai_kw02_bing_000029.jpg,cha_thai,cha_phonlamai|kw02|bing,val
cha_phonlamai_kw02_bing_000033.jpg,cha_phonlamai,cha_phonlamai|kw02|bing,val
cha_phonlamai_kw02_bing_000076.jpg,cha_thai,cha_phonlamai|kw02|bing,val
cha_phonlamai_kw03_bing_000000.webp,cha_phonlamai,cha_phonlamai|kw03|bing,test
cha_phonlamai_kw03_bing_000003.jpg,cha_phonlamai,cha_phonlamai|kw03|bing,test
cha_phonlamai_kw03_bing_000004.webp,cha_phonlamai,cha_phonlamai|kw03|bing,test
cha_phonlamai_kw03_bing_000005.jpg,cha_phonlamai,cha_phonlamai|kw03|bing,test
cha_phonlamai_kw03_bing_000009.jpg,cha_phonlamai,cha_phonlamai|kw03|bing,test
cha_phonlamai_kw03_bing_000014.jpg,cha_phonlamai,cha_phonlamai|kw03|bing,test
cha_phonlamai_kw03_bing_000018.webp,cha_phonlamai,cha_phonlamai|kw03|bing,test
cha_phonlamai_kw03_bing_000020.jpg,cha_phonlamai,cha_phonlamai|kw03|bing,test
cha_phonlamai_kw03_bing_000021.webp,cha_phonlamai,cha_phonlamai|kw03|bing,test
cha_phonlamai_kw03_bing_000022.jpg,cha_phonlamai,cha_phonlamai|kw03|bing,test
cha_phonlamai_kw03_bing_000024.jpg,cha_phonlamai,cha_phonlamai|kw03|bing,test
cha_phonlamai_kw03_bing_000026.jpg,cha_phonlamai,cha_phonlamai|kw03|bing,test
cha_phonlamai_kw03_bing_000027.jpg,cha_phonlamai,cha_phonlamai|kw03|bing,test
cha_phonlamai_kw03_bing_000028.jpg,cha_phonlamai,cha_phonlamai|kw03|bing,test
cha_phonlamai_kw03_bing_000032.jpg,cha_phonlamai,cha_phonlamai|kw03|bing,test
cha_phonlamai_kw03_bing_000033.jpg,cha_phonlamai,cha_phonlamai|kw03|bing,test
cha_phonlamai_kw03_bing_000034.jpg,cha_phonlamai,cha_phonlamai|kw03|bing,test
cha_phonlamai_kw03_bing_000036.jpg,cha_phonlamai,cha_phonlamai|kw03|bing,test
cha_phonlamai_kw03_bing_000037.jpg,cha_phonlamai,cha_phonlamai|kw03|bing,test
cha_phonlamai_kw03_bing_000038.jpg,cha_phonlamai,cha_phonlamai|kw03|bing,test
cha_phonlamai_kw03_bing_000040.jpg,cha_phonlamai,cha_phonlamai|kw03|bing,test
cha_phonlamai_kw03_bing_000042.jpg,cha_phonlamai,cha_phonlamai|kw03|bing,test
cha_phonlamai_kw03_bing_000045.jpg,cha_phonlamai,cha_phonlamai|kw03|bing,test
cha_phonlamai_kw03_bing_000048.jpg,cha_phonlamai,cha_phonlamai|kw03|bing,test
cha_phonlamai_kw03_bing_000050.jpg,cha_phonlamai,cha_phonlamai|kw03|bing,test
cha_phonlamai_kw03_bing_000051.jpg,cha_phonlamai,cha_phonlamai|kw03|bing,test
cha_phonlamai_kw03_bing_000052.webp,cha_phonlamai,cha_phonlamai|kw03|bing,test
cha_phonlamai_kw03_bing_000054.jpg,cha_phonlamai,cha_phonlamai|kw03|bing,test
cha_phonlamai_kw03_bing_000064.jpg,cha_phonlamai,cha_phonlamai|kw03|bing,test
cha_phonlamai_kw03_bing_000066.jpg,cha_phonlamai,cha_phonlamai|kw03|bing,test
cha_phonlamai_kw03_bing_000075.jpg,cha_phonlamai,cha_phonlamai|kw03|bing,test
cha_phonlamai_kw03_bing_000080.jpg,cha_phonlamai,cha_phonlamai|kw03|bing,test
cha_phonlamai_kw03_bing_000083.jpg,cha_phonlamai,cha_phonlamai|kw03|bing,test
cha_phonlamai_kw03_baidu_000012.jpg,cha_phonlamai,cha_phonlamai|kw03|baidu,train
cha_phonlamai_kw03_baidu_000026.jpg,cha_phonlamai,cha_phonlamai|kw03|baidu,train
cha_phonlamai_kw03_baidu_000033.jpg,cha_phonlamai,cha_phonlamai|kw03|baidu,train
cha_phonlamai_kw03_baidu_000038.jpg,cha_phonlamai,cha_phonlamai|kw03|baidu,train
cha_phonlamai_kw03_baidu_000042.jpg,cha_phonlamai,cha_phonlamai|kw03|baidu,train
cha_phonlamai_kw03_baidu_000048.jpg,cha_phonlamai,cha_phonlamai|kw03|baidu,train
cha_phonlamai_kw04_bing_000000.jpg,cha_phonlamai,cha_phonlamai|kw04|bing,train
cha_phonlamai_kw04_bing_000001.jpg,cha_phonlamai,cha_phonlamai|kw04|bing,train
cha_phonlamai_kw04_bing_000002.jpg,cha_phonlamai,cha_phonlamai|kw04|bing,train
cha_phonlamai_kw04_bing_000004.jpg,cha_phonlamai,cha_phonlamai|kw04|bing,train
cha_phonlamai_kw04_bing_000005.jpg,cha_phonlamai,cha_phonlamai|kw04|bing,train
cha_phonlamai_kw04_bing_000006.jpg,cha_phonlamai,cha_phonlamai|kw04|bing,train
cha_phonlamai_kw04_bing_000007.jpg,cha_phonlamai,cha_phonlamai|kw04|bing,train
cha_phonlamai_kw04_bing_000008.png,cha_phonlamai,cha_phonlamai|kw04|bing,train
cha_phonlamai_kw04_bing_000009.jpg,cha_phonlamai,cha_phonlamai|kw04|bing,train
cha_phonlamai_kw04_bing_000011.jpg,cha_phonlamai,cha_phonlamai|kw04|bing,train
cha_phonlamai_kw04_bing_000012.jpg,cha_phonlamai,cha_phonlamai|kw04|bing,train
cha_phonlamai_kw04_bing_000013.jpg,cha_phonlamai,cha_phonlamai|kw04|bing,train
cha_phonlamai_kw04_bing_000014.jpg,cha_phonlamai,cha_phonlamai|kw04|bing,train
cha_phonlamai_kw04_bing_000015.jpg,cha_phonlamai,cha_phonlamai|kw04|bing,train
cha_phonlamai_kw04_bing_000018.jpg,cha_phonlamai,cha_phonlamai|kw04|bing,train
cha_phonlamai_kw04_bing_000020.jpg,cha_phonlamai,cha_phonlamai|kw04|bing,train
cha_phonlamai_kw04_bing_000021.jpg,cha_phonlamai,cha_phonlamai|kw04|bing,train
cha_phonlamai_kw04_bing_000022.jpg,cha_phonlamai,cha_phonlamai|kw04|bing,train
cha_phonlamai_kw04_bing_000023.jpg,cha_phonlamai,cha_phonlamai|kw04|bing,train
cha_phonlamai_kw04_bing_000024.jpg,cha_phonlamai,cha_phonlamai|kw04|bing,train
cha_phonlamai_kw04_bing_000026.jpg,cha_phonlamai,cha_phonlamai|kw04|bing,train
cha_phonlamai_kw04_bing_000027.jpg,cha_phonlamai,cha_phonlamai|kw04|bing,train
cha_phonlamai_kw04_bing_000028.jpg,cha_phonlamai,cha_phonlamai|kw04|bing,train
cha_phonlamai_kw04_bing_000029.jpg,cha_phonlamai,cha_phonlamai|kw04|bing,train
cha_phonlamai_kw04_bing_000032.jpg,cha_phonlamai,cha_phonlamai|kw04|bing,train
cha_phonlamai_kw04_bing_000033.jpg,cha_phonlamai,cha_phonlamai|kw04|bing,train
cha_phonlamai_kw04_bing_000034.jpg,cha_phonlamai,cha_phonlamai|kw04|bing,train
cha_phonlamai_kw04_bing_000035.webp,cha_phonlamai,cha_phonlamai|kw04|bing,train
cha_phonlamai_kw04_bing_000036.jpg,cha_phonlamai,cha_phonlamai|kw04|bing,train
cha_phonlamai_kw04_bing_000038.jpg,cha_phonlamai,cha_phonlamai|kw04|bing,train
cha_phonlamai_kw04_bing_000039.jpg,cha_phonlamai,cha_phonlamai|kw04|bing,train
cha_phonlamai_kw04_bing_000041.webp,cha_phonlamai,cha_phonlamai|kw04|bing,train
cha_phonlamai_kw04_bing_000042.png,cha_phonlamai,cha_phonlamai|kw04|bing,train
cha_phonlamai_kw04_bing_000043.jpg,cha_phonlamai,cha_phonlamai|kw04|bing,train
cha_phonlamai_kw04_bing_000044.webp,cha_phonlamai,cha_phonlamai|kw04|bing,train
cha_phonlamai_kw04_bing_000045.jpg,cha_phonlamai,cha_phonlamai|kw04|bing,train
cha_phonlamai_kw04_bing_000047.png,cha_phonlamai,cha_phonlamai|kw04|bing,train
cha_phonlamai_kw04_bing_000048.jpg,cha_phonlamai,cha_phonlamai|kw04|bing,train
cha_phonlamai_kw04_bing_000049.jpg,cha_phonlamai,cha_phonlamai|kw04|bing,train
cha_phonlamai_kw04_bing_000051.jpg,cha_phonlamai,cha_phonlamai|kw04|bing,train
cha_phonlamai_kw04_bing_000052.jpg,cha_phonlamai,cha_phonlamai|kw04|bing,train
cha_phonlamai_kw04_bing_000055.jpg,cha_phonlamai,cha_phonlamai|kw04|bing,train
cha_phonlamai_kw04_bing_000057.jpg,cha_phonlamai,cha_phonlamai|kw04|bing,train
cha_phonlamai_kw04_bing_000058.png,cha_phonlamai,cha_phonlamai|kw04|bing,train
cha_phonlamai_kw04_bing_000059.jpg,cha_phonlamai,cha_phonlamai|kw04|bing,train
cha_phonlamai_kw04_bing_000060.png,cha_phonlamai,cha_phonlamai|kw04|bing,train
cha_phonlamai_kw04_bing_000063.jpg,cha_phonlamai,cha_phonlamai|kw04|bing,train
cha_phonlamai_kw04_bing_000064.jpg,cha_phonlamai,cha_phonlamai|kw04|bing,train
cha_phonlamai_kw04_bing_000065.jpg,cha_phonlamai,cha_phonlamai|kw04|bing,train
cha_phonlamai_kw04_bing_000067.jpg,cha_phonlamai,cha_phonlamai|kw04|bing,train
cha_phonlamai_kw04_bing_000068.jpg,cha_phonlamai,cha_phonlamai|kw04|bing,train
cha_phonlamai_kw04_bing_000069.png,cha_phonlamai,cha_phonlamai|kw04|bing,train
cha_phonlamai_kw04_bing_000071.png,cha_phonlamai,cha_phonlamai|kw04|bing,train
cha_phonlamai_kw04_bing_000073.jpg,cha_phonlamai,cha_phonlamai|kw04|bing,train
cha_phonlamai_kw04_bing_000075.jpg,cha_phonlamai,cha_phonlamai|kw04|bing,train
cha_phonlamai_kw04_bing_000076.jpg,cha_phonlamai,cha_phonlamai|kw04|bing,train
cha_phonlamai_kw04_bing_000079.webp,cha_phonlamai,cha_phonlamai|kw04|bing,train
cha_phonlamai_kw04_bing_000081.jpg,cha_phonlamai,cha_phonlamai|kw04|bing,train
cha_phonlamai_kw04_bing_000087.jpg,cha_phonlamai,cha_phonlamai|kw04|bing,train
cha_phonlamai_kw04_baidu_000002.jpg,cha_phonlamai,cha_phonlamai|kw04|baidu,train
cha_phonlamai_kw04_baidu_000003.jpg,cha_phonlamai,cha_phonlamai|kw04|baidu,train
cha_phonlamai_kw04_baidu_000004.jpg,cha_phonlamai,cha_phonlamai|kw04|baidu,train
cha_phonlamai_kw04_baidu_000005.jpg,cha_phonlamai,cha_phonlamai|kw04|baidu,train
cha_phonlamai_kw04_baidu_000006.jpg,cha_phonlamai,cha_phonlamai|kw04|baidu,train
cha_phonlamai_kw04_baidu_000008.jpg,cha_phonlamai,cha_phonlamai|kw04|baidu,train
cha_phonlamai_kw04_baidu_000012.jpg,cha_phonlamai,cha_phonlamai|kw04|baidu,train
cha_phonlamai_kw04_baidu_000014.jpg,cha_phonlamai,cha_phonlamai|kw04|baidu,train
cha_phonlamai_kw04_baidu_000017.jpg,cha_phonlamai,cha_phonlamai|kw04|baidu,train
cha_phonlamai_kw04_baidu_000018.jpg,cha_phonlamai,cha_phonlamai|kw04|baidu,train
cha_phonlamai_kw04_baidu_000022.jpg,cha_phonlamai,cha_phonlamai|kw04|baidu,train
cha_phonlamai_kw04_baidu_000024.jpg,cha_phonlamai,cha_phonlamai|kw04|baidu,train
cha_phonlamai_kw04_baidu_000036.jpg,cha_phonlamai,cha_phonlamai|kw04|baidu,train
cha_phonlamai_kw04_baidu_000043.jpg,cha_phonlamai,cha_phonlamai|kw04|baidu,train
cha_phonlamai_kw04_baidu_000046.jpg,cha_phonlamai,cha_phonlamai|kw04|baidu,train
cha_phonlamai_kw04_baidu_000047.jpeg,cha_phonlamai,cha_phonlamai|kw04|baidu,train
cha_phonlamai_kw05_bing_000042.jpg,cha_phonlamai,cha_phonlamai|kw05|bing,train
cha_phonlamai_kw05_bing_000061.jpg,cha_thai,cha_phonlamai|kw05|bing,train
cha_phonlamai_kw06_bing_000004.jpg,cha_phonlamai,cha_phonlamai|kw06|bing,test
cha_phonlamai_kw06_bing_000022.jpg,cha_phonlamai,cha_phonlamai|kw06|bing,test
cha_phonlamai_kw06_bing_000024.jpg,cha_thai,cha_phonlamai|kw06|bing,test
cha_phonlamai_kw06_bing_000029.jpg,cha_khiao_nom,cha_phonlamai|kw06|bing,test
cha_phonlamai_kw06_bing_000051.jpg,cha_nom_khai_muk,cha_phonlamai|kw06|bing,test
cha_phonlamai_kw07_bing_000004.jpg,cha_phonlamai,cha_phonlamai|kw07|bing,val
cha_phonlamai_kw07_bing_000010.jpg,cha_phonlamai,cha_phonlamai|kw07|bing,val
cha_phonlamai_kw07_bing_000062.jpg,cha_phonlamai,cha_phonlamai|kw07|bing,val
cha_dam_yen_manual_manual_4054c66714.jpg,cha_dam_yen,single__4054c66714,train
cha_dam_yen_manual_manual_2d6dd5fc73.jpg,cha_dam_yen,single__2d6dd5fc73,train
cha_dam_yen_manual_manual_ed9c975ff6.png,cha_dam_yen,single__ed9c975ff6,train
cha_dam_yen_manual_manual_33b3012f02.jpg,cha_dam_yen,single__33b3012f02,train
cha_dam_yen_manual_manual_847a4b9279.jpg,cha_dam_yen,single__847a4b9279,train
cha_dam_yen_manual_manual_4b830fbdf2.jpg,cha_dam_yen,single__4b830fbdf2,train
cha_dam_yen_manual_manual_9b2bf23a48.jpg,cha_dam_yen,single__9b2bf23a48,train
cha_dam_yen_manual_manual_1fc378b57b.jpg,cha_dam_yen,single__1fc378b57b,train
cha_dam_yen_manual_manual_9fce54fcf0.jpg,cha_dam_yen,single__9fce54fcf0,train
cha_dam_yen_manual_manual_79568209ce.jpg,cha_dam_yen,single__79568209ce,test
cha_dam_yen_manual_manual_38344d62e2.jpg,cha_dam_yen,single__38344d62e2,train
cha_dam_yen_manual_manual_145b2c74fe.jpg,cha_dam_yen,single__145b2c74fe,train
cha_dam_yen_manual_manual_02cf1fc9fa.jpg,cha_dam_yen,single__02cf1fc9fa,train
cha_dam_yen_manual_manual_acf81a5955.jpg,cha_dam_yen,single__acf81a5955,train
cha_dam_yen_manual_manual_d135d2b32e.jpg,cha_dam_yen,single__d135d2b32e,train
cha_dam_yen_manual_manual_7ef72b1a6f.png,cha_dam_yen,single__7ef72b1a6f,train
cha_dam_yen_manual_manual_d3e104d2b4.jpg,cha_dam_yen,single__d3e104d2b4,train
cha_dam_yen_manual_manual_fffd203e29.jpg,cha_dam_yen,single__fffd203e29,train
cha_dam_yen_manual_manual_79b6e5abc1.webp,cha_dam_yen,single__79b6e5abc1,train
cha_dam_yen_manual_manual_4a88619662.webp,cha_dam_yen,single__4a88619662,train
cha_khiao_nom_manual_manual_4ec48897e2.jpg,cha_khiao_nom,single__4ec48897e2,val
cha_khiao_nom_manual_manual_4c831e91b4.jpg,cha_khiao_nom,single__4c831e91b4,test
cha_khiao_nom_manual_manual_1fee95fbc7.jpg,cha_khiao_nom,single__1fee95fbc7,train
cha_khiao_nom_manual_manual_537b3e85f2.jpg,cha_khiao_nom,single__537b3e85f2,test
cha_khiao_nom_manual_manual_bc7c0519f8.jpg,cha_khiao_nom,single__bc7c0519f8,val
cha_khiao_nom_manual_manual_d2af93f7fe.jpg,cha_khiao_nom,single__d2af93f7fe,test
cha_khiao_nom_manual_manual_7e86cf7019.jpg,cha_khiao_nom,single__7e86cf7019,train
cha_khiao_nom_manual_manual_af6a262f6f.jpg,cha_khiao_nom,single__af6a262f6f,train
cha_khiao_nom_manual_manual_5b72b4b401.jpg,cha_khiao_nom,single__5b72b4b401,test
cha_khiao_nom_manual_manual_0b39dda7cf.jpg,cha_khiao_nom,single__0b39dda7cf,train
cha_khiao_nom_manual_manual_d046160982.jpg,cha_khiao_nom,single__d046160982,train
cha_khiao_nom_manual_manual_212aa70614.jpg,cha_khiao_nom,single__212aa70614,train
cha_khiao_nom_manual_manual_d2af833ee4.jpg,cha_khiao_nom,single__d2af833ee4,test
cha_khiao_nom_manual_manual_d79fcf9ae3.jpg,cha_khiao_nom,single__d79fcf9ae3,train
cha_khiao_nom_manual_manual_fcd404bc47.jpg,cha_khiao_nom,single__fcd404bc47,train
cha_khiao_nom_manual_manual_052361cf2f.jpg,cha_khiao_nom,single__052361cf2f,test
cha_khiao_nom_manual_manual_5bb3297b0d.jpg,cha_khiao_nom,single__5bb3297b0d,train
cha_khiao_nom_manual_manual_e5afcf4472.jpg,cha_khiao_nom,single__e5afcf4472,test
cha_khiao_nom_manual_manual_20d1ba8596.jpg,cha_khiao_nom,single__20d1ba8596,test
cha_khiao_nom_manual_manual_34a33e4e54.jpg,cha_khiao_nom,single__34a33e4e54,train
cha_khiao_nom_manual_manual_9b3ade5936.jpg,cha_khiao_nom,single__9b3ade5936,test
cha_khiao_nom_manual_manual_89447a9ec4.jpg,cha_khiao_nom,single__89447a9ec4,test
cha_khiao_nom_manual_manual_498d5da697.jpg,cha_khiao_nom,single__498d5da697,test
cha_khiao_nom_manual_manual_f0c1fa9878.jpg,cha_khiao_nom,single__f0c1fa9878,train
cha_nom_khai_muk_manual_manual_c50eceb744.jpg,cha_nom_khai_muk,single__c50eceb744,train
cha_nom_khai_muk_manual_manual_9be422548a.jpg,cha_nom_khai_muk,single__9be422548a,test
cha_nom_khai_muk_manual_manual_93c6ee439b.jpg,cha_nom_khai_muk,single__93c6ee439b,train
cha_nom_khai_muk_manual_manual_d3502eee3c.jpg,cha_nom_khai_muk,single__d3502eee3c,train
cha_nom_khai_muk_manual_manual_50c1753831.jpg,cha_nom_khai_muk,single__50c1753831,train
cha_nom_khai_muk_manual_manual_a15b676cad.jpg,cha_nom_khai_muk,single__a15b676cad,train
cha_nom_khai_muk_manual_manual_1ce1597691.jpg,cha_nom_khai_muk,single__1ce1597691,train
cha_nom_khai_muk_manual_manual_4c66a0f7c0.jpg,cha_nom_khai_muk,single__4c66a0f7c0,train
cha_nom_khai_muk_manual_manual_39a6f83587.jpg,cha_nom_khai_muk,single__39a6f83587,train
cha_nom_khai_muk_manual_manual_ff2d214d2f.jpg,cha_nom_khai_muk,single__ff2d214d2f,test
cha_nom_khai_muk_manual_manual_61ac86f2da.jpg,cha_nom_khai_muk,single__61ac86f2da,train
cha_nom_khai_muk_manual_manual_6b8a167b86.jpg,cha_nom_khai_muk,single__6b8a167b86,test
cha_nom_khai_muk_manual_manual_20d9703e1e.jpg,cha_nom_khai_muk,single__20d9703e1e,train
cha_nom_khai_muk_manual_manual_c08d8dd9b4.jpg,cha_nom_khai_muk,single__c08d8dd9b4,test
cha_nom_khai_muk_manual_manual_6325adcb14.jpg,cha_nom_khai_muk,single__6325adcb14,train
cha_nom_khai_muk_manual_manual_e39fabe57a.jpg,cha_nom_khai_muk,single__e39fabe57a,train
cha_nom_khai_muk_manual_manual_abf57aede3.jpg,cha_nom_khai_muk,single__abf57aede3,train
cha_nom_khai_muk_manual_manual_3f2c62205a.jpg,cha_nom_khai_muk,single__3f2c62205a,train
cha_nom_khai_muk_manual_manual_8d6abfbb08.jpg,cha_nom_khai_muk,single__8d6abfbb08,train
cha_nom_khai_muk_manual_manual_daa286761c.jpg,cha_nom_khai_muk,single__daa286761c,test
cha_nom_khai_muk_manual_manual_efa8182bd6.webp,cha_nom_khai_muk,single__efa8182bd6,train
cha_phonlamai_manual_manual_f7cc88085e.jpg,cha_phonlamai,single__f7cc88085e,val
cha_phonlamai_manual_manual_b6ca642b69.jpg,cha_phonlamai,single__b6ca642b69,train
cha_phonlamai_manual_manual_defdb2c4bf.jpg,cha_phonlamai,single__defdb2c4bf,val
cha_phonlamai_manual_manual_95f71abee7.jpg,cha_phonlamai,single__95f71abee7,val
cha_phonlamai_manual_manual_47a498cb8e.jpg,cha_phonlamai,single__47a498cb8e,train
cha_phonlamai_manual_manual_1ddb9bd4bf.jpg,cha_phonlamai,single__1ddb9bd4bf,train
cha_phonlamai_manual_manual_2bb46dea11.jpg,cha_phonlamai,single__2bb46dea11,val
cha_phonlamai_manual_manual_aaa48ee3c2.jpg,cha_phonlamai,single__aaa48ee3c2,train
cha_phonlamai_manual_manual_f4e49762f6.jpg,cha_phonlamai,single__f4e49762f6,train
cha_phonlamai_manual_manual_6c9e9b918f.webp,cha_phonlamai,single__6c9e9b918f,val
cha_phonlamai_manual_manual_d18e9616d2.jpg,cha_phonlamai,single__d18e9616d2,train
cha_phonlamai_manual_manual_809a088025.jpg,cha_phonlamai,single__809a088025,train
cha_phonlamai_manual_manual_b557286b29.jpg,cha_phonlamai,single__b557286b29,train
cha_phonlamai_manual_manual_14082c857b.jpg,cha_phonlamai,single__14082c857b,train
cha_phonlamai_manual_manual_e01a5b9fb1.jpg,cha_phonlamai,single__e01a5b9fb1,train
cha_phonlamai_manual_manual_ec14a3358c.jpg,cha_phonlamai,single__ec14a3358c,val
cha_phonlamai_manual_manual_8846f9c800.jpg,cha_phonlamai,single__8846f9c800,train
cha_phonlamai_manual_manual_c0f49bf1ff.jpg,cha_phonlamai,single__c0f49bf1ff,val
cha_phonlamai_manual_manual_ab147b006f.jpg,cha_phonlamai,single__ab147b006f,train
cha_phonlamai_manual_manual_39e712a87f.jpg,cha_phonlamai,single__39e712a87f,train
cha_phonlamai_manual_manual_08781b80d8.png,cha_phonlamai,single__08781b80d8,train
cha_phonlamai_manual_manual_f91af891ec.jpg,cha_phonlamai,single__f91af891ec,val
cha_phonlamai_manual_manual_f70e16a5af.jpg,cha_phonlamai,single__f70e16a5af,val
cha_phonlamai_manual_manual_9bc1d68b2a.jpg,cha_phonlamai,single__9bc1d68b2a,train
cha_phonlamai_manual_manual_08594555c8.jpg,cha_phonlamai,single__08594555c8,train
cha_thai_manual_manual_34f7e0ce09.jpg,cha_thai,single__34f7e0ce09,train
cha_thai_manual_manual_550122dde7.jpg,cha_thai,single__550122dde7,train
cha_thai_manual_manual_39702c86a1.jpg,cha_thai,single__39702c86a1,train
cha_thai_manual_manual_7ff56c5db7.jpg,cha_thai,single__7ff56c5db7,test
cha_thai_manual_manual_0186ed9455.jpg,cha_thai,single__0186ed9455,test
cha_thai_manual_manual_4ee4665044.jpg,cha_thai,single__4ee4665044,train
cha_thai_manual_manual_1060aeb5d2.jpg,cha_thai,single__1060aeb5d2,train
cha_thai_manual_manual_99ccbe44f0.jpg,cha_thai,single__99ccbe44f0,train
cha_thai_manual_manual_c266055073.jpg,cha_thai,single__c266055073,train
cha_thai_manual_manual_88284a5f8f.jpg,cha_thai,single__88284a5f8f,val
cha_thai_manual_manual_ac227a50b8.jpg,cha_thai,single__ac227a50b8,val
cha_thai_manual_manual_c222995b59.jpg,cha_thai,single__c222995b59,train
cha_thai_manual_manual_1a568a7d6d.jpg,cha_thai,single__1a568a7d6d,test
cha_thai_manual_manual_47a5f84ca9.jpg,cha_thai,single__47a5f84ca9,test
cha_thai_manual_manual_053ca292ee.jpg,cha_thai,single__053ca292ee,test
cha_thai_manual_manual_cd34c8d525.jpg,cha_thai,single__cd34c8d525,train
cha_thai_manual_manual_79d4a4ff4f.jpg,cha_thai,single__79d4a4ff4f,test
cha_thai_manual_manual_b4ca125d81.jpg,cha_thai,single__b4ca125d81,train
cha_thai_manual_manual_d6048166d0.jpg,cha_thai,single__d6048166d0,train
cha_thai_manual_manual_d15f4bba1c.jpg,cha_thai,single__d15f4bba1c,train
cha_thai_manual_manual_f4905f0d08.jpg,cha_thai,single__f4905f0d08,train
cha_dam_yen_manual_manual_20f352aaac.jpg,cha_dam_yen,single__20f352aaac,train
