filename,decision,reason
cha_thai_kw00_bing_000011.jpg,reject,user_deleted
cha_thai_kw01_bing_000033.jpg,reject,user_deleted
cha_thai_kw01_bing_000048.jpg,reject,user_deleted
cha_thai_kw01_bing_000051.jpg,reject,user_deleted
cha_thai_kw02_bing_000004.jpg,reject,user_deleted
cha_thai_kw03_bing_000070.png,reject,user_deleted
cha_thai_kw03_bing_000077.jpg,reject,user_deleted
cha_thai_kw03_bing_000078.png,reject,user_deleted
cha_thai_kw03_bing_000083.jpg,reject,user_deleted
cha_thai_kw03_bing_000084.jpg,reject,user_deleted
cha_thai_kw03_bing_000086.jpg,reject,user_deleted
cha_thai_kw03_baidu_000001.jpg,reject,user_deleted
cha_thai_kw04_bing_000003.jpg,reject,user_deleted
cha_thai_kw04_bing_000005.jpg,reject,user_deleted
cha_thai_kw04_bing_000071.webp,reject,user_deleted
cha_thai_kw05_bing_000001.png,reject,user_deleted
cha_thai_kw06_bing_000033.jpg,reject,user_deleted
cha_thai_kw06_bing_000096.jpg,reject,user_deleted
cha_thai_kw06_bing_000128.jpg,reject,user_deleted
cha_dam_yen_kw03_bing_000002.jpg,relabel:cha_thai,user_moved
cha_dam_yen_kw03_bing_000008.jpg,reject,user_deleted
cha_dam_yen_kw03_bing_000039.jpg,reject,user_deleted
cha_dam_yen_kw03_bing_000055.jpg,reject,user_deleted
cha_dam_yen_kw03_bing_000065.jpg,reject,user_deleted
cha_dam_yen_kw03_bing_000086.jpg,reject,user_deleted
cha_dam_yen_kw03_bing_000099.jpg,reject,user_deleted
cha_dam_yen_kw03_baidu_000003.jpg,reject,user_deleted
cha_dam_yen_kw03_baidu_000015.jpg,reject,user_deleted
cha_dam_yen_kw03_baidu_000046.jpg,reject,user_deleted
cha_dam_yen_kw04_bing_000000.jpg,reject,user_deleted
cha_dam_yen_kw04_bing_000002.jpg,reject,user_deleted
cha_dam_yen_kw04_bing_000005.webp,reject,user_deleted
cha_dam_yen_kw04_bing_000006.jpg,reject,user_deleted
cha_dam_yen_kw04_bing_000011.jpg,reject,user_deleted
cha_dam_yen_kw04_bing_000027.jpg,reject,user_deleted
cha_dam_yen_kw04_bing_000035.jpg,reject,user_deleted
cha_dam_yen_kw04_bing_000039.jpg,reject,user_deleted
cha_dam_yen_kw04_baidu_000021.jpg,reject,user_deleted
cha_dam_yen_kw04_baidu_000040.jpg,reject,user_deleted
cha_dam_yen_kw04_baidu_000043.jpg,reject,user_deleted
cha_dam_yen_kw04_baidu_000053.jpg,reject,user_deleted
cha_dam_yen_kw05_bing_000039.png,reject,user_deleted
cha_khiao_nom_kw03_baidu_000004.jpg,reject,user_deleted
cha_khiao_nom_kw04_baidu_000013.jpg,reject,user_deleted
cha_khiao_nom_kw04_baidu_000015.jpg,reject,user_deleted
cha_khiao_nom_kw04_baidu_000016.jpg,reject,user_deleted
cha_khiao_nom_kw04_baidu_000024.jpg,reject,user_deleted
cha_khiao_nom_kw04_baidu_000025.jpg,reject,user_deleted
cha_khiao_nom_kw04_baidu_000028.jpg,reject,user_deleted
cha_khiao_nom_kw04_baidu_000029.jpg,reject,user_deleted
cha_khiao_nom_kw04_baidu_000030.jpg,reject,user_deleted
cha_khiao_nom_kw04_baidu_000035.jpg,reject,user_deleted
cha_khiao_nom_kw07_bing_000049.jpg,reject,user_deleted
cha_nom_khai_muk_kw00_bing_000004.jpg,reject,user_deleted
cha_nom_khai_muk_kw00_bing_000009.jpg,reject,user_deleted
cha_nom_khai_muk_kw01_bing_000075.jpg,reject,user_deleted
cha_nom_khai_muk_kw01_bing_000124.webp,reject,user_deleted
cha_nom_khai_muk_kw02_bing_000027.webp,reject,user_deleted
cha_nom_khai_muk_kw02_bing_000058.jpg,reject,user_deleted
cha_nom_khai_muk_kw03_bing_000096.jpg,reject,user_deleted
cha_nom_khai_muk_kw04_bing_000104.jpg,reject,user_deleted
cha_nom_khai_muk_kw04_baidu_000005.jpg,reject,user_deleted
cha_nom_khai_muk_kw04_baidu_000029.jpg,reject,user_deleted
cha_nom_khai_muk_kw06_bing_000004.jpg,reject,user_deleted
cha_nom_khai_muk_kw06_bing_000093.webp,reject,user_deleted
cha_phonlamai_kw01_bing_000056.png,reject,user_deleted
cha_phonlamai_kw01_bing_000063.png,reject,user_deleted
cha_phonlamai_kw01_bing_000084.png,reject,user_deleted
cha_phonlamai_kw02_bing_000039.jpg,reject,user_deleted
cha_phonlamai_kw02_bing_000047.jpg,reject,user_deleted
cha_phonlamai_kw03_bing_000057.jpg,reject,user_deleted
cha_phonlamai_kw03_baidu_000002.jpg,reject,user_deleted
cha_phonlamai_kw03_baidu_000003.jpg,reject,user_deleted
cha_phonlamai_kw03_baidu_000018.jpg,reject,user_deleted
cha_phonlamai_kw04_bing_000003.jpg,reject,user_deleted
cha_phonlamai_kw04_bing_000061.jpg,reject,user_deleted
cha_phonlamai_kw05_bing_000055.jpg,reject,user_deleted
cha_phonlamai_kw06_bing_000009.jpg,reject,user_deleted
